Employee_ID,Age,Years_Experience,Education_Level,Job_Role,City,Skill_Score,Certifications,Previous_Company_Rating,Salary
EMP1001,50,29,Bachelor,Manager,Mumbai,93,3,3.0,3974226
EMP1002,36,28,Bachelor,Developer,Bangalore,68,0,3.9,3482039
EMP1003,29,16,Bachelor,Data Scientist,Hyderabad,86,1,4.0,2679431
EMP1004,42,12,Bachelor,Manager,Pune,51,0,3.0,2023325
EMP1005,40,28,Master,Consultant,Mumbai,76,1,4.6,3747255
EMP1006,44,29,Master,Analyst,Hyderabad,69,1,2.7,3489709
EMP1007,32,15,Master,Consultant,Mumbai,62,0,3.4,2492224
EMP1008,32,7,Bachelor,Developer,Hyderabad,55,5,4.2,1839701
EMP1009,45,18,Master,Data Scientist,Pune,53,2,3.2,2757266
EMP1010,57,17,Bachelor,Data Scientist,Pune,49,0,4.6,2482940
EMP1011,45,0,Bachelor,Developer,Delhi,46,4,4.3,1141852
EMP1012,24,13,Master,Manager,Hyderabad,84,5,4.5,2738125
EMP1013,43,18,Bachelor,Manager,Delhi,91,5,2.8,3112102
EMP1014,23,14,Master,Data Scientist,Hyderabad,99,4,2.9,2686777
EMP1015,45,17,Master,Data Scientist,Delhi,100,2,3.2,2876016
EMP1016,51,1,Bachelor,Analyst,Pune,76,5,3.8,1281944
EMP1017,59,21,Bachelor,Manager,Mumbai,68,1,4.4,3115062
EMP1018,23,27,Bachelor,Developer,Delhi,42,7,4.6,3471617
EMP1019,42,16,Master,Manager,Hyderabad,54,2,4.3,2663006
EMP1020,54,17,Bachelor,Analyst,Hyderabad,75,6,4.8,2669429
EMP1021,33,29,Bachelor,Data Scientist,Pune,86,4,4.3,3835156
EMP1022,43,5,Bachelor,Data Scientist,Hyderabad,85,2,3.3,1679015
EMP1023,46,18,Master,Analyst,Bangalore,91,0,3.2,2705637
EMP1024,48,30,Bachelor,Developer,Mumbai,58,7,4.2,3817176
EMP1025,49,3,Bachelor,Data Scientist,Delhi,52,2,3.0,1290356
EMP1026,37,0,Master,Consultant,Mumbai,81,1,2.7,1180870
EMP1027,36,7,PhD,Data Scientist,Pune,60,7,3.8,2177667
EMP1028,24,28,Bachelor,Consultant,Delhi,76,0,4.6,3609242
EMP1029,58,22,Bachelor,Analyst,Delhi,66,3,2.8,2791467
EMP1030,28,6,Bachelor,Analyst,Bangalore,94,4,4.5,1671931
EMP1031,42,2,Master,Data Scientist,Pune,91,7,4.5,1699388
EMP1032,30,9,Bachelor,Manager,Hyderabad,68,4,3.7,2088019
EMP1033,39,9,Bachelor,Consultant,Bangalore,59,2,2.6,1886804
EMP1034,25,18,Master,Developer,Bangalore,64,5,2.9,2778307
EMP1035,46,13,Master,Data Scientist,Mumbai,45,0,4.3,2284144
EMP1036,35,1,Bachelor,Developer,Mumbai,75,3,4.3,1333401
EMP1037,30,27,Master,Data Scientist,Mumbai,41,0,4.7,3524018
EMP1038,47,0,Master,Manager,Bangalore,61,4,4.0,1368329
EMP1039,23,22,Bachelor,Manager,Hyderabad,71,0,2.8,2966745
EMP1040,41,22,Bachelor,Manager,Delhi,55,3,2.8,2983626
EMP1041,49,27,PhD,Manager,Mumbai,57,5,4.3,4096589
EMP1042,28,17,Bachelor,Analyst,Hyderabad,44,2,3.0,2375198
EMP1043,29,6,Bachelor,Analyst,Pune,93,1,3.3,1566439
EMP1044,56,28,Bachelor,Consultant,Mumbai,75,0,3.7,3604578
EMP1045,35,7,Master,Developer,Delhi,69,7,2.6,1861236
EMP1046,38,0,Bachelor,Data Scientist,Pune,84,1,3.1,1286262
EMP1047,57,24,Bachelor,Data Scientist,Pune,58,4,3.5,3225621
EMP1048,25,22,Bachelor,Analyst,Delhi,62,2,3.2,2815880
EMP1049,23,2,Bachelor,Data Scientist,Mumbai,73,6,2.8,1530587
EMP1050,27,23,Master,Analyst,Bangalore,52,2,4.3,3102626
EMP1051,25,22,Master,Consultant,Delhi,82,0,4.5,3227878
EMP1052,50,26,Bachelor,Developer,Delhi,93,7,3.1,3561085
EMP1053,39,30,Bachelor,Consultant,Delhi,68,5,4.4,3823351
EMP1054,47,28,Master,Manager,Pune,75,2,3.5,3851038
EMP1055,55,7,Bachelor,Manager,Hyderabad,61,0,3.8,1978866
EMP1056,31,21,Bachelor,Manager,Bangalore,91,0,4.6,3303415
EMP1057,57,24,PhD,Consultant,Mumbai,91,1,4.4,3599375
EMP1058,35,14,Master,Data Scientist,Mumbai,86,2,4.5,2668257
EMP1059,52,4,Bachelor,Developer,Hyderabad,75,0,2.8,1358948
EMP1060,36,2,Bachelor,Manager,Delhi,48,1,2.7,1199070
EMP1061,29,18,Bachelor,Manager,Bangalore,78,7,4.7,3123518
EMP1062,35,0,Bachelor,Manager,Mumbai,90,3,3.5,1373955
EMP1063,44,27,Bachelor,Developer,Mumbai,58,7,3.2,3455928
EMP1064,42,14,Bachelor,Manager,Delhi,77,6,4.3,2719924
EMP1065,37,7,Bachelor,Developer,Hyderabad,45,1,4.6,1594387
EMP1066,39,1,PhD,Manager,Bangalore,91,1,4.7,1762539
EMP1067,45,2,Master,Consultant,Hyderabad,86,0,3.3,1344176
EMP1068,47,23,Bachelor,Consultant,Hyderabad,54,4,4.6,3195372
EMP1069,46,13,Bachelor,Developer,Bangalore,96,4,2.6,2302674
EMP1070,50,23,Master,Consultant,Bangalore,59,5,2.6,3149988
EMP1071,36,13,Bachelor,Developer,Mumbai,48,4,4.1,2095578
EMP1072,22,10,Bachelor,Consultant,Mumbai,71,1,2.7,1940609
EMP1073,46,15,PhD,Consultant,Bangalore,43,5,3.3,2579669
EMP1074,28,3,Bachelor,Developer,Pune,89,7,4.2,1619730
EMP1075,30,19,Master,Data Scientist,Mumbai,57,0,3.3,2765775
EMP1076,45,4,PhD,Consultant,Pune,44,7,2.9,1710392
EMP1077,22,21,Bachelor,Manager,Bangalore,59,2,3.2,2893255
EMP1078,29,20,Bachelor,Data Scientist,Mumbai,62,6,3.6,2999547
EMP1079,45,13,Bachelor,Developer,Hyderabad,50,6,3.7,2225084
EMP1080,32,30,Master,Data Scientist,Bangalore,76,1,4.5,3969044
EMP1081,38,22,Master,Analyst,Delhi,61,1,4.4,3035042
EMP1082,29,15,Master,Analyst,Pune,97,5,3.6,2686207
EMP1083,56,17,Bachelor,Consultant,Bangalore,43,0,4.6,2568728
EMP1084,56,6,Master,Consultant,Bangalore,68,3,2.8,1742107
EMP1085,54,9,PhD,Manager,Mumbai,83,1,3.1,2283251
EMP1086,26,6,Master,Data Scientist,Mumbai,73,3,4.6,2015250
EMP1087,49,0,PhD,Analyst,Mumbai,52,7,3.4,1329383
EMP1088,28,22,Master,Consultant,Delhi,81,3,5.0,3388523
EMP1089,30,20,Master,Data Scientist,Mumbai,48,4,3.7,2969862
EMP1090,29,18,Master,Consultant,Bangalore,81,0,4.5,2804939
EMP1091,33,15,Bachelor,Consultant,Mumbai,70,6,3.5,2545065
EMP1092,55,28,Bachelor,Analyst,Hyderabad,46,6,3.6,3274170
EMP1093,54,18,Master,Analyst,Mumbai,43,3,3.5,2577279
EMP1094,44,3,Bachelor,Consultant,Delhi,58,6,4.3,1459911
EMP1095,45,28,Master,Developer,Hyderabad,81,7,3.9,3819433
EMP1096,58,27,PhD,Consultant,Bangalore,69,0,4.9,3654260
EMP1097,56,17,Master,Consultant,Bangalore,70,4,3.1,2679434
EMP1098,43,1,Bachelor,Manager,Pune,74,0,2.8,1363983
EMP1099,48,0,Bachelor,Manager,Hyderabad,96,1,3.5,1384057
EMP1100,56,14,Bachelor,Manager,Pune,60,3,4.0,2525524
EMP1101,22,4,Master,Developer,Hyderabad,100,0,4.7,1694074
EMP1102,56,19,Master,Developer,Hyderabad,70,7,3.4,2950188
EMP1103,58,10,PhD,Consultant,Delhi,58,6,4.1,2331017
EMP1104,35,9,Bachelor,Manager,Pune,70,2,3.4,2151328
EMP1105,24,30,PhD,Developer,Delhi,92,0,4.0,3994766
EMP1106,22,1,Master,Analyst,Hyderabad,71,3,4.7,1325361
EMP1107,26,2,Bachelor,Consultant,Bangalore,41,4,3.1,1277870
EMP1108,47,22,Master,Data Scientist,Hyderabad,98,6,3.5,3403413
EMP1109,35,22,Bachelor,Consultant,Delhi,91,4,5.0,3274924
EMP1110,48,11,Bachelor,Data Scientist,Pune,49,3,4.7,2187767
EMP1111,30,19,Master,Manager,Pune,41,6,3.9,2943691
EMP1112,36,4,Bachelor,Data Scientist,Delhi,41,1,3.8,1431832
EMP1113,36,4,Master,Manager,Pune,99,6,3.2,2079188
EMP1114,47,5,Master,Analyst,Mumbai,63,1,3.8,1637492
EMP1115,34,29,Master,Data Scientist,Bangalore,56,4,4.6,3880945
EMP1116,53,8,Bachelor,Consultant,Bangalore,71,4,4.2,1911297
EMP1117,53,1,Bachelor,Manager,Bangalore,55,3,3.2,1284697
EMP1118,25,20,Master,Consultant,Pune,55,1,3.0,2730826
EMP1119,51,11,Bachelor,Developer,Pune,85,4,3.2,2237673
EMP1120,58,2,Bachelor,Manager,Hyderabad,78,1,2.9,1521082
EMP1121,44,19,Bachelor,Data Scientist,Hyderabad,92,4,2.7,2881001
EMP1122,36,25,Master,Manager,Bangalore,70,6,3.5,3678638
EMP1123,50,21,Bachelor,Consultant,Mumbai,82,0,2.8,2920792
EMP1124,57,11,Master,Analyst,Hyderabad,63,7,2.9,2221909
EMP1125,34,23,Master,Manager,Hyderabad,40,2,3.9,3255796
EMP1126,53,16,Bachelor,Data Scientist,Pune,50,7,2.9,2537402
EMP1127,28,9,Bachelor,Developer,Mumbai,94,6,2.7,2039082
EMP1128,43,29,PhD,Analyst,Bangalore,60,5,3.3,3811860
EMP1129,49,23,Master,Developer,Hyderabad,43,7,3.1,3116627
EMP1130,23,26,PhD,Manager,Mumbai,46,0,3.8,3643447
EMP1131,27,13,Master,Consultant,Mumbai,65,5,2.8,2387682
EMP1132,49,22,Bachelor,Consultant,Bangalore,86,4,4.4,3177925
EMP1133,49,16,Bachelor,Data Scientist,Mumbai,89,2,4.8,2704908
EMP1134,41,17,Bachelor,Consultant,Mumbai,51,2,4.4,2599993
EMP1135,51,18,Bachelor,Analyst,Mumbai,70,4,3.8,2670979
EMP1136,32,16,Bachelor,Consultant,Hyderabad,56,4,4.7,2657119
EMP1137,49,13,Bachelor,Data Scientist,Bangalore,72,1,4.2,2289735
EMP1138,46,8,Bachelor,Manager,Mumbai,50,4,2.5,1933770
EMP1139,54,7,Master,Manager,Mumbai,67,3,3.5,2039214
EMP1140,22,1,Master,Consultant,Hyderabad,71,7,4.6,1667983
EMP1141,48,12,Bachelor,Developer,Bangalore,40,4,3.4,2082428
EMP1142,34,24,Master,Manager,Pune,86,3,2.6,3503728
EMP1143,24,6,Bachelor,Consultant,Hyderabad,67,4,4.4,1713392
EMP1144,27,8,Master,Data Scientist,Bangalore,92,1,4.5,2125781
EMP1145,29,21,Bachelor,Consultant,Mumbai,81,3,2.9,3010797
EMP1146,48,21,PhD,Manager,Bangalore,46,7,3.8,3271238
EMP1147,30,10,Master,Data Scientist,Bangalore,41,0,3.0,1881460
EMP1148,58,13,Bachelor,Consultant,Bangalore,81,3,4.3,2453870
EMP1149,54,3,Bachelor,Analyst,Pune,63,6,3.2,1198651
EMP1150,45,25,Bachelor,Data Scientist,Bangalore,43,1,3.3,3160629
EMP1151,36,25,Bachelor,Analyst,Pune,83,5,4.6,3277561
EMP1152,53,28,Bachelor,Developer,Mumbai,58,7,3.7,3568827
EMP1153,53,12,Master,Data Scientist,Pune,65,3,4.2,2384918
EMP1154,45,1,Bachelor,Analyst,Mumbai,50,6,3.5,1223918
EMP1155,33,22,Master,Manager,Mumbai,79,6,3.2,3522234
EMP1156,23,4,PhD,Manager,Pune,89,7,4.1,2051673
EMP1157,24,10,Bachelor,Developer,Hyderabad,82,7,2.9,2066382
EMP1158,58,5,Master,Data Scientist,Delhi,50,6,3.4,2042678
EMP1159,38,17,Bachelor,Data Scientist,Bangalore,84,4,3.0,2747498
EMP1160,23,20,Master,Data Scientist,Delhi,42,6,4.2,2980245
EMP1161,23,9,Bachelor,Developer,Bangalore,51,4,4.9,1883893
EMP1162,49,3,PhD,Data Scientist,Bangalore,42,5,5.0,1742910
EMP1163,44,8,Master,Manager,Mumbai,81,1,3.6,2128508
EMP1164,58,5,Bachelor,Analyst,Bangalore,66,2,3.1,1424594
EMP1165,53,1,Bachelor,Manager,Bangalore,88,4,3.6,1539500
EMP1166,54,16,Master,Manager,Pune,93,6,4.6,3029011
EMP1167,22,4,Master,Analyst,Delhi,41,6,3.0,1368115
EMP1168,40,24,Bachelor,Manager,Pune,88,0,4.9,3459853
EMP1169,23,5,Bachelor,Developer,Bangalore,55,6,3.4,1582473
EMP1170,47,25,Master,Analyst,Mumbai,41,1,5.0,3269760
EMP1171,53,11,Bachelor,Manager,Pune,99,3,4.6,2320988
EMP1172,27,22,PhD,Consultant,Pune,93,3,4.5,3440979
EMP1173,53,20,Bachelor,Manager,Hyderabad,69,6,3.3,2924008
EMP1174,25,9,Bachelor,Developer,Bangalore,59,0,2.5,1717710
EMP1175,32,21,Master,Data Scientist,Mumbai,77,4,3.5,3276055
EMP1176,38,20,Bachelor,Manager,Pune,67,1,3.3,2991204
EMP1177,59,26,Bachelor,Data Scientist,Pune,64,0,2.6,3289412
EMP1178,45,24,Bachelor,Consultant,Mumbai,71,4,3.8,3320277
EMP1179,26,30,Bachelor,Manager,Bangalore,100,1,3.5,3964069
EMP1180,55,5,Master,Analyst,Hyderabad,49,6,4.1,1570358
EMP1181,27,26,Bachelor,Data Scientist,Pune,99,3,4.1,3794493
EMP1182,43,7,Master,Consultant,Hyderabad,81,1,2.8,1880901
EMP1183,32,1,Master,Analyst,Delhi,79,6,4.9,1401891
EMP1184,37,11,Master,Analyst,Bangalore,72,5,3.0,2048573
EMP1185,54,12,Bachelor,Analyst,Delhi,52,2,3.6,1953445
EMP1186,30,24,Bachelor,Analyst,Delhi,95,1,3.7,3285430
EMP1187,27,20,PhD,Manager,Delhi,80,2,4.5,3363411
EMP1188,37,6,Master,Manager,Bangalore,93,1,2.7,1826318
EMP1189,50,9,Master,Manager,Bangalore,81,2,3.6,2243589
EMP1190,24,12,Bachelor,Consultant,Mumbai,86,5,4.1,2370831
EMP1191,41,16,Bachelor,Consultant,Hyderabad,76,3,3.0,2335903
EMP1192,57,25,Master,Consultant,Hyderabad,93,7,4.1,3642691
EMP1193,40,20,Master,Developer,Mumbai,55,4,4.8,2942064
EMP1194,47,27,Master,Consultant,Mumbai,84,2,5.0,3606511
EMP1195,24,29,Master,Manager,Delhi,61,5,2.6,3973315
EMP1196,40,25,Master,Manager,Mumbai,96,2,3.1,3596967
EMP1197,41,13,Bachelor,Developer,Pune,59,3,3.3,2106290
EMP1198,53,1,Bachelor,Developer,Hyderabad,89,2,3.5,1232359
EMP1199,28,27,Bachelor,Consultant,Mumbai,82,5,3.1,3566156
EMP1200,54,21,Bachelor,Data Scientist,Pune,66,6,3.0,3148641
EMP1201,39,10,Master,Developer,Pune,80,5,4.9,2185266
EMP1202,22,0,Bachelor,Analyst,Pune,55,7,4.8,1126523
EMP1203,32,18,Bachelor,Manager,Pune,73,7,2.6,2894460
EMP1204,49,20,Bachelor,Analyst,Delhi,71,7,3.3,2807184
EMP1205,46,3,Bachelor,Manager,Pune,65,0,3.5,1427397
EMP1206,44,18,Bachelor,Manager,Delhi,64,3,3.1,2842614
EMP1207,52,25,Bachelor,Developer,Delhi,41,6,4.1,3183100
EMP1208,51,28,Master,Developer,Pune,51,0,4.1,3457295
EMP1209,56,20,Bachelor,Analyst,Hyderabad,79,3,4.6,2835805
EMP1210,28,10,Master,Manager,Pune,48,6,4.4,2276733
EMP1211,37,7,Bachelor,Analyst,Pune,51,2,3.9,1561020
EMP1212,47,10,Bachelor,Data Scientist,Pune,65,6,4.1,2192059
EMP1213,23,3,Bachelor,Analyst,Hyderabad,48,5,3.2,1367628
EMP1214,22,16,Master,Consultant,Bangalore,49,0,4.0,2318906
EMP1215,33,26,Master,Analyst,Bangalore,71,2,3.7,3395282
EMP1216,26,6,Bachelor,Consultant,Delhi,96,5,2.8,1717489
EMP1217,58,7,Bachelor,Consultant,Delhi,73,3,3.1,1724024
EMP1218,53,2,Master,Consultant,Hyderabad,87,6,3.2,1638660
EMP1219,30,21,Bachelor,Data Scientist,Mumbai,59,5,4.8,3206845
EMP1220,56,1,Bachelor,Analyst,Bangalore,78,2,3.1,1248130
EMP1221,40,22,Master,Analyst,Delhi,99,0,3.2,3203470
EMP1222,37,14,Master,Data Scientist,Bangalore,41,0,3.4,2326824
EMP1223,24,23,Bachelor,Manager,Hyderabad,40,7,4.2,3349897
EMP1224,41,21,PhD,Developer,Hyderabad,90,6,2.8,3404779
EMP1225,45,21,Master,Analyst,Mumbai,99,5,4.9,3288716
EMP1226,54,4,Bachelor,Developer,Mumbai,75,7,4.7,1784406
EMP1227,45,23,Master,Data Scientist,Hyderabad,63,2,3.9,3266886
EMP1228,32,0,Master,Manager,Delhi,93,7,4.2,1800716
EMP1229,29,25,Bachelor,Manager,Bangalore,66,1,2.5,3318683
EMP1230,57,3,Bachelor,Manager,Pune,41,3,3.3,1350333
EMP1231,59,14,Bachelor,Data Scientist,Mumbai,70,7,4.5,2536600
EMP1232,41,19,Master,Consultant,Pune,96,3,2.7,2939845
EMP1233,56,18,Bachelor,Consultant,Delhi,53,2,3.2,2572907
EMP1234,46,2,Master,Developer,Mumbai,41,1,4.0,1223790
EMP1235,56,19,Master,Consultant,Pune,68,0,3.1,2743492
EMP1236,46,10,Bachelor,Consultant,Delhi,54,6,4.8,2051141
EMP1237,50,16,Master,Manager,Bangalore,51,4,2.8,2627611
EMP1238,39,29,Bachelor,Manager,Delhi,76,4,4.5,3977511
EMP1239,39,26,Master,Developer,Mumbai,67,6,3.8,3657833
EMP1240,23,12,Master,Analyst,Hyderabad,59,2,4.4,2241200
EMP1241,56,10,Bachelor,Developer,Bangalore,100,1,3.3,2087109
EMP1242,37,1,Bachelor,Developer,Pune,78,1,3.8,1206433
EMP1243,57,8,Bachelor,Data Scientist,Mumbai,63,3,4.6,1901577
EMP1244,54,25,Bachelor,Data Scientist,Hyderabad,60,0,3.7,3266024
EMP1245,25,1,Bachelor,Developer,Delhi,49,5,3.4,1180874
EMP1246,54,20,Bachelor,Developer,Hyderabad,85,7,3.8,3217076
EMP1247,35,8,PhD,Developer,Mumbai,53,1,4.3,2084097
EMP1248,42,8,Bachelor,Consultant,Mumbai,76,6,3.6,1998067
EMP1249,41,7,Bachelor,Data Scientist,Hyderabad,57,5,4.8,1880087
EMP1250,29,16,Master,Developer,Delhi,63,4,3.2,2667091
EMP1251,28,0,Bachelor,Manager,Hyderabad,53,5,3.7,1217898
EMP1252,24,24,PhD,Manager,Mumbai,73,0,4.4,3708774
EMP1253,38,28,Master,Consultant,Mumbai,97,6,4.2,3860899
EMP1254,54,10,Master,Consultant,Pune,51,0,4.7,1967693
EMP1255,33,7,Bachelor,Analyst,Pune,61,5,5.0,1606327
EMP1256,43,9,Bachelor,Analyst,Bangalore,95,7,3.6,2123985
EMP1257,43,24,Bachelor,Analyst,Mumbai,45,2,2.8,2960495
EMP1258,51,6,Master,Consultant,Pune,75,1,2.6,1646696
EMP1259,59,2,Bachelor,Consultant,Hyderabad,84,6,4.3,1442960
EMP1260,59,2,Bachelor,Consultant,Delhi,75,2,4.7,1503510
EMP1261,29,17,PhD,Manager,Hyderabad,61,5,3.1,2971647
EMP1262,48,4,Bachelor,Consultant,Delhi,53,1,2.9,1280289
EMP1263,48,11,Bachelor,Manager,Pune,55,3,2.7,2241535
EMP1264,55,11,Bachelor,Analyst,Bangalore,100,2,4.6,2165005
EMP1265,42,18,PhD,Analyst,Hyderabad,75,2,3.3,2902703
EMP1266,51,29,Bachelor,Analyst,Hyderabad,95,5,3.5,3614430
EMP1267,54,5,Master,Developer,Hyderabad,64,4,3.8,1658153
EMP1268,49,1,Master,Developer,Delhi,71,5,4.6,1506160
EMP1269,54,11,Bachelor,Data Scientist,Pune,72,2,4.1,2166951
EMP1270,26,18,Master,Data Scientist,Hyderabad,84,1,4.0,2942063
EMP1271,40,4,Bachelor,Data Scientist,Hyderabad,75,7,2.9,1616281
EMP1272,25,11,Bachelor,Developer,Bangalore,59,4,3.8,1966154
EMP1273,56,26,Master,Developer,Bangalore,57,5,4.3,3620590
EMP1274,38,26,Master,Data Scientist,Pune,77,7,4.9,3730552
EMP1275,49,16,Master,Data Scientist,Pune,42,6,3.0,2620230
EMP1276,51,28,Bachelor,Consultant,Mumbai,62,5,2.5,3564137
EMP1277,50,16,Bachelor,Data Scientist,Bangalore,71,2,2.7,2568613
EMP1278,27,9,Bachelor,Consultant,Mumbai,84,7,3.4,2064398
EMP1279,56,24,Bachelor,Manager,Delhi,98,2,4.6,3627183
EMP1280,58,22,Bachelor,Developer,Mumbai,55,3,2.5,2935957
EMP1281,45,16,Bachelor,Data Scientist,Hyderabad,98,7,3.6,2844914
EMP1282,50,14,Bachelor,Developer,Mumbai,44,7,3.3,2325290
EMP1283,52,11,Bachelor,Developer,Pune,43,5,2.6,2028758
EMP1284,56,29,Bachelor,Developer,Delhi,60,2,3.6,3489895
EMP1285,54,15,Bachelor,Manager,Hyderabad,79,6,3.1,2705067
EMP1286,42,23,Master,Analyst,Mumbai,90,0,3.4,3151995
EMP1287,53,18,Bachelor,Data Scientist,Delhi,53,4,4.3,2627458
EMP1288,44,7,PhD,Analyst,Delhi,78,0,3.8,1765608
EMP1289,54,30,Master,Analyst,Hyderabad,70,4,2.8,3636975
EMP1290,24,20,Bachelor,Analyst,Mumbai,53,6,4.9,2822908
EMP1291,39,16,Master,Developer,Delhi,45,7,4.1,2788106
EMP1292,46,22,Master,Consultant,Delhi,51,7,4.4,3262887
EMP1293,52,4,Master,Developer,Bangalore,55,5,2.7,1597184
EMP1294,24,21,Bachelor,Developer,Delhi,56,3,2.6,2761404
EMP1295,45,15,Bachelor,Analyst,Bangalore,84,2,2.5,2349292
EMP1296,53,5,Bachelor,Developer,Mumbai,62,2,3.0,1656430
EMP1297,43,7,Bachelor,Analyst,Mumbai,53,2,3.5,1494990
EMP1298,44,24,Master,Consultant,Mumbai,100,5,4.8,3654936
EMP1299,23,17,Master,Data Scientist,Pune,46,4,3.6,2803790
EMP1300,48,24,Bachelor,Analyst,Mumbai,85,7,3.2,3359616
EMP1301,23,11,Master,Consultant,Delhi,71,6,3.9,2450107
EMP1302,47,14,Bachelor,Data Scientist,Hyderabad,54,2,2.8,2282900
EMP1303,38,26,Bachelor,Manager,Bangalore,83,0,4.0,3607241
EMP1304,54,25,Master,Analyst,Pune,56,2,3.9,3226684
EMP1305,30,8,Bachelor,Analyst,Mumbai,80,7,4.5,2022334
EMP1306,50,12,Bachelor,Manager,Mumbai,93,5,5.0,2555935
EMP1307,47,25,Bachelor,Manager,Hyderabad,86,6,3.1,3616464
EMP1308,56,14,Bachelor,Analyst,Hyderabad,83,3,3.8,2348597
EMP1309,46,9,PhD,Manager,Pune,73,6,4.8,2482386
EMP1310,45,15,Master,Developer,Bangalore,44,0,4.5,2527247
EMP1311,34,6,PhD,Data Scientist,Mumbai,84,2,3.7,2063423
EMP1312,28,16,Master,Data Scientist,Pune,66,2,4.9,2818547
EMP1313,57,22,Bachelor,Data Scientist,Delhi,91,1,2.6,3207509
EMP1314,41,25,Bachelor,Developer,Delhi,62,4,4.8,3392888
EMP1315,22,20,Master,Manager,Pune,79,0,2.6,2963443
EMP1316,29,21,Bachelor,Consultant,Mumbai,98,1,3.9,3109135
EMP1317,37,25,Master,Manager,Pune,53,6,4.7,3739093
EMP1318,35,6,Master,Analyst,Mumbai,54,3,3.2,1499701
EMP1319,33,13,Bachelor,Data Scientist,Hyderabad,82,4,3.7,2413863
EMP1320,44,14,PhD,Manager,Pune,72,0,3.3,2739361
EMP1321,36,20,Master,Consultant,Mumbai,92,2,4.9,3165927
EMP1322,49,6,Master,Analyst,Pune,70,6,4.6,1872692
EMP1323,55,8,Bachelor,Developer,Pune,74,0,4.3,1886643
EMP1324,23,18,Bachelor,Developer,Mumbai,56,2,4.0,2646240
EMP1325,53,15,Bachelor,Consultant,Mumbai,67,7,4.6,2646629
EMP1326,44,7,Bachelor,Analyst,Bangalore,58,4,3.5,1651430
EMP1327,43,17,Bachelor,Data Scientist,Pune,85,7,3.6,2861846
EMP1328,46,26,Master,Manager,Delhi,93,7,4.3,4065182
EMP1329,43,22,Bachelor,Analyst,Pune,62,2,3.4,2839523
EMP1330,43,28,Master,Developer,Pune,71,3,2.7,3547279
EMP1331,27,17,PhD,Consultant,Mumbai,79,6,2.7,3024922
EMP1332,36,30,Master,Consultant,Pune,52,5,2.8,3663995
EMP1333,58,29,Bachelor,Manager,Pune,98,2,4.7,3903969
EMP1334,54,19,Master,Consultant,Delhi,59,3,3.7,2814415
EMP1335,29,6,Bachelor,Consultant,Mumbai,74,5,4.3,1795088
EMP1336,26,2,Bachelor,Analyst,Pune,44,6,3.5,1145146
EMP1337,25,17,Master,Data Scientist,Hyderabad,48,7,3.1,2804936
EMP1338,27,26,Bachelor,Manager,Bangalore,68,4,3.4,3530034
EMP1339,53,9,Bachelor,Analyst,Delhi,45,4,4.5,1851762
EMP1340,51,6,Master,Data Scientist,Pune,64,6,4.1,1986492
EMP1341,56,16,Bachelor,Analyst,Hyderabad,70,6,4.8,2522254
EMP1342,37,13,Bachelor,Analyst,Pune,61,0,4.2,2130989
EMP1343,34,30,Bachelor,Consultant,Pune,41,3,3.9,3629339
EMP1344,51,23,Master,Data Scientist,Mumbai,84,7,4.0,3416734
EMP1345,40,2,Master,Manager,Mumbai,44,3,4.9,1609543
EMP1346,38,11,Bachelor,Manager,Mumbai,99,6,4.5,2524551
EMP1347,40,27,Bachelor,Data Scientist,Hyderabad,66,1,2.6,3487214
EMP1348,49,12,Bachelor,Consultant,Pune,64,1,3.8,2056837
EMP1349,47,1,Bachelor,Developer,Bangalore,47,5,4.2,1123236
EMP1350,58,2,Master,Analyst,Delhi,94,5,4.4,1586912
EMP1351,47,4,Bachelor,Consultant,Mumbai,40,1,3.0,1232211
EMP1352,44,10,Bachelor,Data Scientist,Mumbai,59,6,4.7,2266470
EMP1353,30,7,Master,Analyst,Pune,83,6,4.9,1927397
EMP1354,33,25,Master,Manager,Pune,62,5,3.1,3524774
EMP1355,22,22,Master,Developer,Hyderabad,71,2,4.7,3275206
EMP1356,22,22,Bachelor,Manager,Hyderabad,50,6,2.7,3178897
EMP1357,55,11,Bachelor,Data Scientist,Mumbai,78,1,2.6,2169448
EMP1358,53,6,Bachelor,Analyst,Pune,86,3,2.8,1584069
EMP1359,46,14,Bachelor,Data Scientist,Bangalore,93,6,2.6,2607802
EMP1360,22,23,Master,Analyst,Delhi,63,7,4.6,3329228
EMP1361,37,16,Master,Consultant,Pune,50,6,2.6,2466937
EMP1362,26,3,Master,Developer,Pune,68,2,3.2,1496593
EMP1363,43,28,Master,Consultant,Hyderabad,93,5,2.8,3690881
EMP1364,50,21,Bachelor,Consultant,Delhi,65,6,3.2,3022071
EMP1365,24,24,Master,Data Scientist,Mumbai,55,4,2.7,3249517
EMP1366,33,12,Bachelor,Developer,Pune,74,0,4.2,2259395
EMP1367,47,17,Bachelor,Analyst,Mumbai,59,1,2.8,2446433
EMP1368,37,0,Bachelor,Analyst,Pune,85,7,4.6,1177078
EMP1369,58,15,Bachelor,Manager,Mumbai,42,7,4.5,2639935
EMP1370,43,12,Bachelor,Analyst,Delhi,40,7,2.5,1948500
EMP1371,50,9,PhD,Data Scientist,Hyderabad,97,4,4.7,2427219
EMP1372,35,11,Bachelor,Consultant,Delhi,92,7,2.6,2266297
EMP1373,49,29,Bachelor,Consultant,Bangalore,86,7,3.1,3731040
EMP1374,26,1,Bachelor,Consultant,Hyderabad,40,5,2.6,1129302
EMP1375,51,22,Master,Developer,Delhi,56,3,3.3,3102325
EMP1376,26,2,Master,Analyst,Bangalore,41,0,3.8,1197599
EMP1377,33,9,Master,Data Scientist,Pune,68,4,4.5,2173634
EMP1378,37,1,Bachelor,Developer,Pune,59,0,3.3,1104187
EMP1379,47,29,Master,Manager,Mumbai,45,1,4.3,3858396
EMP1380,47,26,Bachelor,Data Scientist,Hyderabad,47,5,3.0,3371844
EMP1381,42,22,Master,Data Scientist,Pune,68,6,4.4,3232168
EMP1382,57,12,Master,Data Scientist,Hyderabad,87,3,3.1,2370812
EMP1383,54,12,Bachelor,Consultant,Pune,90,5,2.9,2250235
EMP1384,51,17,Bachelor,Data Scientist,Mumbai,72,0,3.0,2511694
EMP1385,58,2,Bachelor,Analyst,Delhi,42,4,3.0,1115680
EMP1386,44,26,Bachelor,Data Scientist,Mumbai,99,1,3.8,3686770
EMP1387,31,6,Bachelor,Consultant,Bangalore,74,1,4.6,1808618
EMP1388,26,13,Master,Data Scientist,Pune,44,5,2.7,2363773
EMP1389,57,19,Bachelor,Manager,Bangalore,66,6,4.3,3103939
EMP1390,55,28,Bachelor,Manager,Bangalore,83,4,4.1,3996070
EMP1391,52,29,Bachelor,Consultant,Hyderabad,51,6,4.7,3721070
EMP1392,31,16,Bachelor,Analyst,Pune,59,6,3.1,2465794
EMP1393,40,28,Master,Analyst,Bangalore,84,7,3.6,3660275
EMP1394,53,29,Bachelor,Developer,Delhi,59,4,4.8,3751297
EMP1395,22,20,Master,Consultant,Bangalore,48,0,4.1,2873894
EMP1396,26,11,Master,Data Scientist,Delhi,78,5,3.5,2384415
EMP1397,25,24,Master,Consultant,Hyderabad,43,5,2.8,3155065
EMP1398,37,15,Master,Developer,Bangalore,90,7,3.2,2693598
EMP1399,45,23,Bachelor,Consultant,Mumbai,93,2,4.0,3347974
EMP1400,37,11,PhD,Consultant,Hyderabad,58,5,4.3,2366014
EMP1401,23,14,Bachelor,Developer,Delhi,77,1,2.8,2242182
EMP1402,49,24,Bachelor,Analyst,Hyderabad,66,0,4.0,2975991
EMP1403,53,9,Master,Data Scientist,Bangalore,84,4,3.9,2270941
EMP1404,48,29,PhD,Developer,Pune,82,5,3.8,3932827
EMP1405,41,24,Master,Manager,Pune,52,0,4.2,3290857
EMP1406,45,30,Bachelor,Analyst,Delhi,52,7,4.6,3604249
EMP1407,33,6,Bachelor,Manager,Delhi,99,5,3.3,2085155
EMP1408,56,19,PhD,Analyst,Pune,96,4,4.7,3127338
EMP1409,54,4,Bachelor,Data Scientist,Delhi,61,3,2.9,1428033
EMP1410,54,0,Master,Data Scientist,Hyderabad,67,4,2.9,1300013
EMP1411,58,29,Master,Consultant,Mumbai,91,4,3.2,3920439
EMP1412,33,16,Bachelor,Manager,Mumbai,86,4,2.8,2770018
EMP1413,24,2,Bachelor,Analyst,Hyderabad,92,5,3.1,1374369
EMP1414,22,12,Bachelor,Data Scientist,Mumbai,84,2,2.8,2290978
EMP1415,54,13,Bachelor,Developer,Bangalore,61,4,4.6,2216620
EMP1416,31,23,Master,Data Scientist,Hyderabad,82,7,2.8,3484395
EMP1417,50,29,Bachelor,Developer,Delhi,58,1,4.4,3434422
EMP1418,34,17,Master,Analyst,Hyderabad,47,1,2.6,2433307
EMP1419,33,3,Bachelor,Data Scientist,Pune,91,7,4.9,1802089
EMP1420,52,17,PhD,Data Scientist,Delhi,47,0,4.3,2782610
EMP1421,23,29,Bachelor,Analyst,Pune,81,2,2.5,3504739
EMP1422,56,4,Bachelor,Data Scientist,Delhi,65,0,4.4,1519600
EMP1423,44,24,Bachelor,Developer,Mumbai,87,7,3.8,3433584
EMP1424,38,15,Master,Data Scientist,Hyderabad,90,1,4.4,2793504
EMP1425,47,0,Master,Manager,Bangalore,65,6,3.8,1467551
EMP1426,29,20,Master,Consultant,Delhi,62,1,4.1,2978177
EMP1427,50,13,Bachelor,Developer,Delhi,82,3,4.5,2488467
EMP1428,47,14,Bachelor,Manager,Pune,52,4,3.5,2438519
EMP1429,31,8,Bachelor,Analyst,Mumbai,67,6,2.5,1739782
EMP1430,47,14,Bachelor,Developer,Pune,48,1,4.6,2369426
EMP1431,55,16,Bachelor,Consultant,Pune,59,5,3.5,2496209
EMP1432,28,24,PhD,Consultant,Mumbai,95,5,3.7,3678207
EMP1433,25,23,PhD,Analyst,Bangalore,58,0,2.5,3112666
EMP1434,32,3,PhD,Analyst,Pune,87,6,3.7,1753350
EMP1435,50,11,Master,Developer,Pune,78,0,5.0,2201278
EMP1436,57,26,Bachelor,Data Scientist,Delhi,90,4,3.2,3575299
EMP1437,46,25,Bachelor,Analyst,Mumbai,51,4,3.5,3216652
EMP1438,42,4,Bachelor,Data Scientist,Hyderabad,54,3,4.2,1500861
EMP1439,57,28,Master,Manager,Bangalore,70,7,4.5,3965600
EMP1440,31,4,Bachelor,Consultant,Bangalore,94,7,3.5,1714554
EMP1441,58,10,Bachelor,Data Scientist,Mumbai,53,2,3.3,1916155
EMP1442,30,27,Bachelor,Consultant,Delhi,50,0,4.8,3315201
EMP1443,45,5,Bachelor,Data Scientist,Delhi,65,4,4.2,1661349
EMP1444,56,6,Master,Manager,Mumbai,81,7,2.8,2087963
EMP1445,56,23,Master,Analyst,Delhi,66,0,2.7,3065530
EMP1446,57,30,Bachelor,Manager,Bangalore,50,4,3.7,3923759
EMP1447,39,13,PhD,Analyst,Bangalore,77,1,3.1,2405003
EMP1448,53,23,Master,Analyst,Hyderabad,73,0,3.1,3077952
EMP1449,45,10,Bachelor,Consultant,Mumbai,82,1,4.7,2134037
EMP1450,44,29,Bachelor,Manager,Pune,58,0,2.7,3430459
EMP1451,53,12,Bachelor,Data Scientist,Pune,45,2,4.3,2052647
EMP1452,58,1,Bachelor,Manager,Hyderabad,85,3,3.2,1500288
EMP1453,33,24,PhD,Consultant,Hyderabad,91,5,4.4,3704093
EMP1454,34,6,Bachelor,Analyst,Delhi,77,7,4.3,1826492
EMP1455,44,19,Master,Consultant,Hyderabad,88,5,2.5,2947553
EMP1456,46,3,Bachelor,Developer,Hyderabad,81,5,3.8,1363361
EMP1457,56,26,Bachelor,Developer,Pune,67,1,2.8,3146003
EMP1458,51,7,Bachelor,Data Scientist,Delhi,40,6,4.7,1775714
EMP1459,38,19,Bachelor,Consultant,Hyderabad,74,4,4.7,2921013
EMP1460,41,28,Bachelor,Data Scientist,Hyderabad,79,5,3.5,3674984
EMP1461,46,30,PhD,Data Scientist,Delhi,47,2,3.6,4029328
EMP1462,43,21,Bachelor,Developer,Mumbai,98,5,3.3,3230734
EMP1463,34,20,Master,Data Scientist,Delhi,91,0,4.3,3260158
EMP1464,40,18,Bachelor,Developer,Pune,93,1,3.4,2639844
EMP1465,57,12,Bachelor,Analyst,Mumbai,86,6,3.2,2286362
EMP1466,33,13,Bachelor,Consultant,Bangalore,95,0,3.6,2302573
EMP1467,40,9,Master,Data Scientist,Delhi,46,6,2.7,2059951
EMP1468,33,10,Bachelor,Developer,Pune,50,0,4.4,1787607
EMP1469,30,1,Bachelor,Manager,Mumbai,78,0,2.5,1420830
EMP1470,28,24,Master,Data Scientist,Delhi,100,7,4.1,3635914
EMP1471,49,25,Bachelor,Analyst,Hyderabad,43,3,3.0,2878693
EMP1472,35,8,Bachelor,Analyst,Delhi,64,3,3.1,1843364
EMP1473,52,16,Bachelor,Manager,Bangalore,51,4,4.1,2691974
EMP1474,40,25,PhD,Developer,Delhi,65,1,5.0,3460161
EMP1475,37,2,Master,Data Scientist,Mumbai,77,2,4.4,1607641
EMP1476,26,23,Bachelor,Developer,Mumbai,85,2,3.1,3105620
EMP1477,56,5,Bachelor,Analyst,Delhi,51,2,2.9,1344401
EMP1478,33,4,PhD,Developer,Mumbai,82,7,4.7,2043194
EMP1479,46,4,Master,Analyst,Hyderabad,90,0,3.6,1591204
EMP1480,42,21,Bachelor,Developer,Delhi,92,3,2.8,3015761
EMP1481,57,14,Master,Manager,Hyderabad,76,1,4.7,2667367
EMP1482,44,22,Bachelor,Consultant,Hyderabad,85,0,4.5,3150506
EMP1483,37,16,Bachelor,Manager,Pune,92,6,5.0,2795217
EMP1484,35,8,Master,Manager,Delhi,63,3,4.8,2115574
EMP1485,52,2,Bachelor,Consultant,Mumbai,55,3,4.6,1277493
EMP1486,26,19,PhD,Consultant,Hyderabad,96,5,2.6,3206438
EMP1487,56,25,Master,Data Scientist,Pune,52,5,2.8,3326263
EMP1488,44,16,Master,Data Scientist,Delhi,64,7,3.9,2728983
EMP1489,50,28,Bachelor,Manager,Delhi,100,1,3.8,3861452
EMP1490,32,26,Bachelor,Manager,Bangalore,93,6,3.6,3677387
EMP1491,39,9,Bachelor,Analyst,Bangalore,93,1,3.5,1890449
EMP1492,33,2,Master,Analyst,Hyderabad,96,1,3.6,1597680
EMP1493,30,17,Bachelor,Data Scientist,Bangalore,91,7,3.9,2984099
EMP1494,31,17,Bachelor,Data Scientist,Hyderabad,93,7,2.5,2810227
EMP1495,38,29,Master,Analyst,Mumbai,43,0,3.2,3443521
EMP1496,59,16,Bachelor,Analyst,Hyderabad,50,4,3.8,2421524
EMP1497,28,23,Master,Developer,Bangalore,71,7,4.3,3429400
EMP1498,34,2,Bachelor,Developer,Mumbai,88,1,2.9,1344291
EMP1499,30,2,PhD,Analyst,Bangalore,46,5,3.9,1466249
EMP1500,48,5,Bachelor,Developer,Hyderabad,85,4,4.3,1594410
EMP1501,23,12,Bachelor,Consultant,Pune,97,0,3.6,2102699
EMP1502,26,23,Bachelor,Data Scientist,Delhi,50,4,2.6,3058622
EMP1503,50,28,Bachelor,Data Scientist,Bangalore,67,2,3.6,3556670
EMP1504,58,14,Master,Analyst,Hyderabad,93,6,3.2,2578025
EMP1505,59,24,Master,Manager,Mumbai,80,4,4.8,3671802
EMP1506,40,8,Master,Analyst,Bangalore,62,1,2.8,1698905
EMP1507,29,3,Bachelor,Developer,Bangalore,84,0,4.1,1452423
EMP1508,22,13,Bachelor,Manager,Delhi,62,6,2.6,2381723
EMP1509,43,4,Bachelor,Developer,Hyderabad,89,1,3.6,1660662
EMP1510,38,1,Master,Consultant,Pune,67,6,3.9,1451036
EMP1511,28,10,Master,Developer,Mumbai,82,5,3.2,2117757
EMP1512,46,8,Bachelor,Consultant,Hyderabad,86,2,3.6,2013436
EMP1513,25,23,Bachelor,Consultant,Mumbai,96,5,2.9,3239679
EMP1514,57,2,Master,Developer,Bangalore,65,1,3.3,1289768
EMP1515,27,26,Master,Developer,Delhi,64,1,4.1,3581058
EMP1516,52,27,Master,Consultant,Delhi,93,1,3.3,3657208
EMP1517,40,28,Master,Manager,Pune,68,3,4.7,3906053
EMP1518,48,8,Bachelor,Consultant,Delhi,58,2,4.1,1847314
EMP1519,31,2,Bachelor,Data Scientist,Bangalore,72,6,3.6,1501580
EMP1520,47,24,Master,Consultant,Pune,75,7,2.6,3325931
EMP1521,40,1,Master,Manager,Hyderabad,53,1,3.7,1358351
EMP1522,24,11,Bachelor,Data Scientist,Delhi,53,1,4.4,2211620
EMP1523,34,9,Master,Analyst,Pune,74,6,3.2,2021265
EMP1524,49,8,Master,Analyst,Bangalore,69,7,4.5,2131904
EMP1525,41,14,Master,Manager,Mumbai,67,5,3.1,2660648
EMP1526,49,7,Master,Consultant,Mumbai,56,5,4.6,1893123
EMP1527,29,24,Bachelor,Developer,Bangalore,42,1,2.7,2856044
EMP1528,22,4,Bachelor,Manager,Bangalore,55,0,4.7,1642360
EMP1529,24,10,Bachelor,Data Scientist,Mumbai,85,3,3.7,2320586
EMP1530,34,26,Master,Data Scientist,Pune,69,5,3.2,3509981
EMP1531,49,1,Master,Analyst,Mumbai,91,0,3.2,1347936
EMP1532,46,23,Master,Data Scientist,Bangalore,68,3,3.6,3229706
EMP1533,54,27,Bachelor,Manager,Delhi,84,1,5.0,3691101
EMP1534,59,14,Master,Data Scientist,Hyderabad,54,2,3.1,2424755
EMP1535,27,5,Master,Manager,Delhi,85,4,2.8,1807019
EMP1536,53,7,Master,Developer,Delhi,95,4,4.0,2038738
EMP1537,42,26,Master,Analyst,Bangalore,64,1,3.7,3288430
EMP1538,37,4,Master,Data Scientist,Mumbai,90,5,3.8,1935333
EMP1539,42,15,Bachelor,Manager,Pune,77,0,4.2,2560421
EMP1540,32,25,Bachelor,Consultant,Delhi,81,2,3.2,3367760
EMP1541,58,17,Bachelor,Analyst,Mumbai,98,6,4.8,2813428
EMP1542,57,5,Bachelor,Developer,Pune,86,3,3.6,1530633
EMP1543,56,4,Master,Manager,Delhi,92,1,2.8,1698912
EMP1544,40,27,Master,Developer,Pune,93,2,4.4,3540369
EMP1545,41,15,Bachelor,Developer,Mumbai,91,7,4.1,2725307
EMP1546,39,12,Bachelor,Data Scientist,Hyderabad,97,2,3.3,2522041
EMP1547,35,27,Master,Data Scientist,Mumbai,77,5,4.1,3831466
EMP1548,36,4,Bachelor,Manager,Bangalore,62,7,3.0,1822043
EMP1549,52,12,Bachelor,Consultant,Pune,64,3,3.6,2210350
EMP1550,22,16,Bachelor,Manager,Hyderabad,81,7,4.7,2855716
EMP1551,24,17,Bachelor,Consultant,Pune,46,2,2.8,2481572
EMP1552,37,7,Bachelor,Developer,Pune,61,5,3.5,1681499
EMP1553,44,12,Bachelor,Analyst,Delhi,56,7,4.6,2158890
EMP1554,32,29,Bachelor,Manager,Bangalore,57,0,4.9,3729398
EMP1555,33,28,Master,Manager,Pune,88,5,3.6,3929716
EMP1556,31,18,Bachelor,Consultant,Mumbai,80,0,3.8,2754295
EMP1557,53,25,Master,Developer,Mumbai,49,0,3.9,3207037
EMP1558,37,2,Bachelor,Developer,Delhi,49,7,4.8,1450237
EMP1559,29,23,Bachelor,Consultant,Bangalore,96,7,4.6,3487232
EMP1560,59,7,Master,Developer,Bangalore,46,6,2.9,1813007
EMP1561,33,1,Bachelor,Data Scientist,Mumbai,87,6,3.6,1651772
EMP1562,45,7,Bachelor,Analyst,Hyderabad,100,2,3.7,1877117
EMP1563,49,26,Master,Manager,Delhi,89,5,4.5,3934881
EMP1564,29,12,Master,Analyst,Delhi,77,6,4.0,2359630
EMP1565,49,12,Bachelor,Manager,Mumbai,66,0,4.1,2330623
EMP1566,57,0,Bachelor,Data Scientist,Mumbai,91,6,5.0,1571666
EMP1567,47,5,Master,Developer,Hyderabad,72,3,2.7,1632926
EMP1568,29,23,Bachelor,Consultant,Hyderabad,40,2,3.1,2874710
EMP1569,49,18,Master,Data Scientist,Bangalore,83,5,3.5,2851600
EMP1570,49,15,Master,Analyst,Delhi,92,5,3.4,2674243
EMP1571,58,7,PhD,Consultant,Delhi,99,4,2.6,2198901
EMP1572,57,27,Bachelor,Developer,Mumbai,73,5,2.7,3395721
EMP1573,48,0,Master,Data Scientist,Bangalore,43,2,4.2,1299361
EMP1574,38,26,Bachelor,Consultant,Delhi,56,3,4.7,3335593
EMP1575,30,26,Bachelor,Data Scientist,Bangalore,43,5,3.8,3372342
EMP1576,54,15,Bachelor,Data Scientist,Bangalore,82,4,3.8,2724753
EMP1577,41,8,Master,Developer,Mumbai,93,2,3.1,1961655
EMP1578,34,12,Bachelor,Manager,Bangalore,65,0,4.4,2239549
EMP1579,49,10,Bachelor,Consultant,Hyderabad,43,1,4.4,1990338
EMP1580,50,12,Bachelor,Developer,Hyderabad,40,1,4.0,1964811
EMP1581,34,24,Master,Data Scientist,Pune,46,0,3.0,3237258
EMP1582,56,20,Master,Developer,Mumbai,69,6,2.7,2895090
EMP1583,27,9,Master,Manager,Pune,89,5,2.7,2170697
EMP1584,39,3,Bachelor,Consultant,Hyderabad,48,7,4.0,1356093
EMP1585,26,30,Bachelor,Manager,Pune,100,1,4.6,3977297
EMP1586,46,26,Master,Analyst,Mumbai,74,6,4.6,3487769
EMP1587,23,5,Bachelor,Consultant,Mumbai,47,1,3.7,1482850
EMP1588,31,27,Bachelor,Manager,Bangalore,100,0,4.5,3795421
EMP1589,51,6,Master,Data Scientist,Delhi,63,5,4.9,1911129
EMP1590,26,4,PhD,Consultant,Bangalore,58,5,3.2,1679698
EMP1591,54,10,Master,Consultant,Mumbai,75,6,3.5,2206925
EMP1592,22,12,Master,Developer,Hyderabad,89,0,4.8,2281457
EMP1593,39,25,PhD,Data Scientist,Hyderabad,91,6,3.3,3565310
EMP1594,53,24,Bachelor,Analyst,Bangalore,98,5,4.8,3387047
EMP1595,32,18,Master,Manager,Mumbai,82,7,5.0,3214869
EMP1596,42,30,PhD,Developer,Hyderabad,66,5,4.2,3974029
EMP1597,47,22,Bachelor,Manager,Mumbai,71,2,4.5,3184173
EMP1598,46,9,Master,Analyst,Hyderabad,53,7,4.4,2065734
EMP1599,43,9,Master,Analyst,Mumbai,96,6,4.2,2396777
EMP1600,48,10,Master,Consultant,Pune,57,2,3.3,1944614
EMP1601,34,20,Master,Analyst,Mumbai,67,0,2.6,2868978
EMP1602,54,29,PhD,Manager,Mumbai,99,3,3.4,4224665
EMP1603,55,6,Master,Data Scientist,Bangalore,68,1,4.2,1869479
EMP1604,56,30,Bachelor,Data Scientist,Pune,55,2,2.8,3598911
EMP1605,22,17,Master,Consultant,Delhi,74,1,2.5,2634174
EMP1606,42,3,Bachelor,Manager,Bangalore,86,4,2.8,1733471
EMP1607,27,1,Bachelor,Manager,Delhi,98,0,4.3,1443334
EMP1608,49,13,Bachelor,Analyst,Hyderabad,98,3,4.9,2364749
EMP1609,38,12,Bachelor,Manager,Delhi,70,4,5.0,2547430
EMP1610,26,28,Bachelor,Developer,Mumbai,43,4,3.7,3515860
EMP1611,52,11,PhD,Analyst,Delhi,76,5,4.7,2333418
EMP1612,26,6,Master,Developer,Bangalore,56,4,4.3,1775218
EMP1613,59,1,Master,Consultant,Bangalore,78,0,3.8,1413960
EMP1614,24,12,Bachelor,Data Scientist,Delhi,87,2,3.9,2395439
EMP1615,44,13,PhD,Consultant,Bangalore,85,0,2.8,2556259
EMP1616,58,26,PhD,Data Scientist,Bangalore,65,2,4.8,3769900
EMP1617,58,16,Master,Consultant,Delhi,87,4,3.4,2787636
EMP1618,31,8,Bachelor,Manager,Pune,78,4,3.6,2069995
EMP1619,31,16,Bachelor,Developer,Pune,80,7,4.2,2777581
EMP1620,40,7,Bachelor,Data Scientist,Hyderabad,43,3,3.3,1643473
EMP1621,38,30,Bachelor,Analyst,Bangalore,69,2,3.1,3584373
EMP1622,42,1,Bachelor,Developer,Delhi,69,4,4.1,1214952
EMP1623,35,27,PhD,Analyst,Bangalore,61,5,2.6,3496158
EMP1624,30,23,Bachelor,Developer,Mumbai,50,7,4.3,3190746
EMP1625,22,12,Bachelor,Developer,Bangalore,41,1,3.8,1947306
EMP1626,34,2,Bachelor,Consultant,Bangalore,83,7,4.0,1535962
EMP1627,25,15,Bachelor,Data Scientist,Pune,51,3,4.1,2544242
EMP1628,22,5,Bachelor,Data Scientist,Delhi,69,0,3.8,1717195
EMP1629,53,18,Bachelor,Developer,Bangalore,75,3,4.0,2895683
EMP1630,55,29,Bachelor,Manager,Pune,57,1,4.2,3801635
EMP1631,49,6,Master,Manager,Hyderabad,65,7,4.4,2232211
EMP1632,52,9,PhD,Analyst,Pune,92,2,4.3,2223557
EMP1633,29,8,Bachelor,Analyst,Pune,46,0,4.7,1538788
EMP1634,47,1,Bachelor,Consultant,Pune,100,0,3.0,1194972
EMP1635,55,30,Master,Developer,Bangalore,40,2,3.5,3747743
EMP1636,24,27,Bachelor,Analyst,Bangalore,97,6,4.9,3677613
EMP1637,33,27,Bachelor,Analyst,Hyderabad,65,6,3.5,3408829
EMP1638,22,14,Master,Developer,Mumbai,62,3,2.8,2354565
EMP1639,26,29,Bachelor,Consultant,Mumbai,65,4,3.8,3637957
EMP1640,51,4,Master,Analyst,Mumbai,84,6,2.8,1684863
EMP1641,51,28,Master,Consultant,Hyderabad,45,3,3.0,3416134
EMP1642,38,21,Bachelor,Data Scientist,Mumbai,45,6,5.0,3107999
EMP1643,44,3,Bachelor,Consultant,Mumbai,83,1,3.9,1584775
EMP1644,36,19,Master,Manager,Pune,47,5,3.2,2797645
EMP1645,58,3,Bachelor,Manager,Bangalore,63,4,5.0,1562108
EMP1646,42,17,Bachelor,Consultant,Bangalore,61,3,4.9,2706292
EMP1647,35,3,Master,Manager,Pune,58,5,3.6,1761477
EMP1648,23,26,Bachelor,Data Scientist,Pune,76,5,3.2,3452707
EMP1649,32,16,Bachelor,Developer,Pune,57,7,4.6,2436123
EMP1650,59,11,Master,Manager,Bangalore,70,6,4.3,2613234
EMP1651,55,21,Bachelor,Manager,Mumbai,76,7,4.2,3245225
EMP1652,59,16,Master,Consultant,Pune,69,2,4.7,2631712
EMP1653,55,9,Master,Data Scientist,Hyderabad,96,1,4.2,2254333
EMP1654,39,21,Master,Developer,Pune,81,1,3.2,2960349
EMP1655,51,0,Bachelor,Consultant,Delhi,72,1,4.2,1105670
EMP1656,36,21,PhD,Consultant,Pune,49,4,3.3,3017953
EMP1657,48,25,Bachelor,Data Scientist,Bangalore,76,0,4.4,3519054
EMP1658,55,23,Master,Developer,Pune,51,4,4.0,3231172
EMP1659,59,26,Bachelor,Data Scientist,Delhi,93,3,2.7,3562216
EMP1660,54,17,Bachelor,Developer,Hyderabad,69,5,3.8,2479949
EMP1661,45,17,Bachelor,Data Scientist,Mumbai,66,5,3.4,2774473
EMP1662,36,13,PhD,Consultant,Pune,78,7,3.3,2654694
EMP1663,51,14,PhD,Consultant,Delhi,48,0,4.0,2360530
EMP1664,38,28,Bachelor,Analyst,Delhi,93,3,3.3,3576109
EMP1665,26,11,Bachelor,Manager,Hyderabad,60,0,4.4,2242604
EMP1666,50,3,Master,Data Scientist,Bangalore,51,5,2.7,1576855
EMP1667,25,26,Bachelor,Analyst,Pune,94,6,4.2,3444388
EMP1668,31,2,Bachelor,Manager,Delhi,68,4,4.5,1570928
EMP1669,38,19,Master,Data Scientist,Hyderabad,72,1,4.2,3013124
EMP1670,31,28,Bachelor,Developer,Mumbai,82,5,3.7,3671161
EMP1671,38,11,PhD,Manager,Delhi,92,2,4.9,2766799
EMP1672,41,6,Bachelor,Consultant,Hyderabad,54,1,3.2,1534697
EMP1673,45,28,Bachelor,Analyst,Bangalore,41,5,2.5,3362704
EMP1674,26,10,Bachelor,Manager,Bangalore,91,4,3.6,2378498
EMP1675,55,0,Master,Manager,Delhi,78,0,2.6,1281332
EMP1676,27,5,Bachelor,Consultant,Delhi,92,6,4.9,1862499
EMP1677,23,14,Master,Data Scientist,Pune,83,6,3.0,2611735
EMP1678,34,14,Bachelor,Developer,Hyderabad,93,1,4.5,2513069
EMP1679,32,18,Master,Consultant,Delhi,57,4,4.4,2861426
EMP1680,44,10,Bachelor,Developer,Pune,42,6,3.0,1856825
EMP1681,37,25,Bachelor,Data Scientist,Pune,46,6,4.1,3241270
EMP1682,52,22,Master,Manager,Delhi,82,3,2.6,3209216
EMP1683,32,25,Bachelor,Developer,Bangalore,57,2,3.7,3223723
EMP1684,37,1,Bachelor,Analyst,Hyderabad,83,1,2.5,1044795
EMP1685,29,13,Master,Analyst,Hyderabad,77,0,4.8,2364628
EMP1686,25,1,Bachelor,Consultant,Bangalore,76,6,4.9,1333980
EMP1687,25,28,Master,Data Scientist,Delhi,97,3,3.1,3967506
EMP1688,46,3,Bachelor,Consultant,Hyderabad,72,4,3.0,1451470
EMP1689,24,16,Master,Consultant,Delhi,83,6,4.4,2845942
EMP1690,53,2,Bachelor,Consultant,Delhi,98,7,3.1,1668814
EMP1691,24,12,Bachelor,Analyst,Pune,70,2,4.7,2178389
EMP1692,48,8,PhD,Analyst,Bangalore,97,0,3.9,2065749
EMP1693,50,6,Master,Consultant,Delhi,50,4,3.4,1719430
EMP1694,53,14,Bachelor,Analyst,Mumbai,43,4,4.6,2103500
EMP1695,40,22,Bachelor,Data Scientist,Bangalore,98,1,3.7,3301493
EMP1696,42,28,Master,Consultant,Hyderabad,57,6,4.8,3712283
EMP1697,26,28,Bachelor,Analyst,Pune,43,1,4.8,3179594
EMP1698,39,10,Master,Developer,Hyderabad,88,0,2.9,1991271
EMP1699,49,19,Master,Consultant,Hyderabad,73,7,2.5,2995963
EMP1700,43,1,Bachelor,Consultant,Bangalore,68,6,5.0,1527966
EMP1701,42,14,Bachelor,Data Scientist,Hyderabad,63,5,4.8,2509429
EMP1702,27,13,Master,Manager,Delhi,61,6,2.6,2457256
EMP1703,22,19,Bachelor,Manager,Hyderabad,41,7,4.6,2841547
EMP1704,26,21,Bachelor,Data Scientist,Pune,83,5,3.6,3220023
EMP1705,33,10,PhD,Data Scientist,Pune,45,4,3.1,2222462
EMP1706,47,26,Master,Data Scientist,Mumbai,81,1,4.7,3648890
EMP1707,55,2,Master,Manager,Pune,64,2,3.0,1460220
EMP1708,35,16,Master,Data Scientist,Hyderabad,94,6,4.9,3031028
EMP1709,47,29,Master,Analyst,Pune,96,2,3.0,3750102
EMP1710,48,11,Bachelor,Consultant,Bangalore,60,6,4.0,2102239
EMP1711,30,23,Bachelor,Consultant,Pune,94,4,3.1,3131033
EMP1712,47,27,Bachelor,Developer,Delhi,98,1,3.9,3477566
EMP1713,43,28,Bachelor,Developer,Bangalore,55,0,4.2,3394224
EMP1714,51,20,Master,Consultant,Mumbai,70,0,3.0,2851715
EMP1715,38,14,Bachelor,Analyst,Delhi,53,0,3.8,2236266
EMP1716,47,15,Bachelor,Manager,Hyderabad,78,6,3.7,2671735
EMP1717,57,4,Bachelor,Manager,Hyderabad,67,6,2.7,1569523
EMP1718,22,26,Bachelor,Analyst,Hyderabad,71,2,4.5,3221455
EMP1719,29,19,Bachelor,Manager,Delhi,67,1,3.3,2850121
EMP1720,56,5,Bachelor,Data Scientist,Delhi,90,7,3.9,1766451
EMP1721,36,18,Bachelor,Consultant,Delhi,94,6,3.8,2903791
EMP1722,43,24,Bachelor,Consultant,Bangalore,88,1,3.8,3179465
EMP1723,35,4,Bachelor,Analyst,Bangalore,48,2,2.8,1329102
EMP1724,47,2,Master,Manager,Hyderabad,97,6,3.6,1819159
EMP1725,49,26,Bachelor,Developer,Pune,84,0,3.6,3474471
EMP1726,44,0,Bachelor,Developer,Hyderabad,61,0,4.3,1037025
EMP1727,35,25,Master,Manager,Mumbai,71,4,4.6,3466777
EMP1728,45,27,Bachelor,Developer,Bangalore,44,5,3.9,3496037
EMP1729,23,5,Master,Analyst,Delhi,62,3,2.7,1567134
EMP1730,47,14,Bachelor,Analyst,Bangalore,44,7,3.1,2266983
EMP1731,35,1,Bachelor,Manager,Delhi,81,5,2.9,1408819
EMP1732,28,28,Master,Developer,Mumbai,92,6,2.8,3805000
EMP1733,24,2,Bachelor,Analyst,Mumbai,71,1,3.4,1227052
EMP1734,44,16,Master,Analyst,Bangalore,98,6,3.1,2739352
EMP1735,39,24,Bachelor,Data Scientist,Delhi,49,1,3.0,2978594
EMP1736,59,23,Master,Data Scientist,Mumbai,98,1,2.6,3569808
EMP1737,56,11,Bachelor,Analyst,Hyderabad,78,5,2.5,2078508
EMP1738,36,17,Bachelor,Manager,Hyderabad,97,3,2.8,2872440
EMP1739,46,14,Master,Consultant,Delhi,54,4,2.9,2475971
EMP1740,58,11,Bachelor,Consultant,Bangalore,46,5,3.6,2091093
EMP1741,49,15,Bachelor,Analyst,Mumbai,68,3,3.8,2330595
EMP1742,31,26,Master,Analyst,Bangalore,98,0,2.9,3531484
EMP1743,38,7,Master,Analyst,Hyderabad,86,0,3.6,1840655
EMP1744,43,27,Bachelor,Manager,Mumbai,42,1,3.4,3399249
EMP1745,47,13,Master,Data Scientist,Bangalore,58,2,3.0,2420301
EMP1746,46,24,PhD,Analyst,Pune,49,6,2.5,3228160
EMP1747,38,16,Master,Analyst,Delhi,67,6,3.7,2641593
EMP1748,34,28,Bachelor,Developer,Delhi,68,1,4.2,3548975
EMP1749,41,20,Master,Manager,Pune,54,2,3.1,3081794
EMP1750,46,7,Bachelor,Analyst,Hyderabad,74,7,2.8,1682780
EMP1751,25,14,PhD,Developer,Mumbai,45,3,4.7,2577547
EMP1752,31,26,Bachelor,Consultant,Delhi,51,7,3.2,3503100
EMP1753,24,13,Bachelor,Analyst,Pune,86,7,3.1,2293676
EMP1754,39,17,Master,Analyst,Pune,77,0,4.6,2649758
EMP1755,57,19,Bachelor,Developer,Hyderabad,52,7,4.5,2950996
EMP1756,43,6,PhD,Manager,Hyderabad,68,6,3.6,2180623
EMP1757,55,2,PhD,Analyst,Bangalore,58,5,3.7,1403821
EMP1758,29,28,Master,Consultant,Delhi,42,2,3.0,3414316
EMP1759,40,11,Bachelor,Analyst,Bangalore,47,3,2.7,1905270
EMP1760,58,20,Master,Consultant,Pune,47,0,3.9,2818610
EMP1761,27,23,Bachelor,Data Scientist,Mumbai,94,7,2.7,3403380
EMP1762,47,27,Bachelor,Data Scientist,Mumbai,97,5,3.6,3902285
EMP1763,55,25,Master,Consultant,Hyderabad,59,2,4.9,3350775
EMP1764,27,2,Bachelor,Manager,Mumbai,86,1,4.9,1623791
EMP1765,58,19,Bachelor,Analyst,Mumbai,43,1,3.1,2363582
EMP1766,54,13,PhD,Analyst,Mumbai,90,1,4.1,2617246
EMP1767,43,14,Bachelor,Data Scientist,Pune,60,6,3.7,2386080
EMP1768,42,24,Bachelor,Consultant,Mumbai,42,3,4.7,3230999
EMP1769,27,29,PhD,Analyst,Mumbai,84,1,3.2,3878642
EMP1770,27,13,Bachelor,Analyst,Mumbai,47,6,2.5,2264436
EMP1771,25,6,Master,Manager,Bangalore,62,4,2.9,1959449
EMP1772,51,16,PhD,Developer,Pune,55,6,3.4,2694073
EMP1773,32,29,PhD,Data Scientist,Hyderabad,52,0,3.3,3794753
EMP1774,51,11,Master,Data Scientist,Bangalore,42,6,4.5,2251852
EMP1775,52,19,Bachelor,Developer,Delhi,87,3,4.2,2909341
EMP1776,45,3,Bachelor,Analyst,Pune,48,5,3.2,1207936
EMP1777,30,8,Master,Manager,Pune,99,7,3.6,2341076
EMP1778,24,5,Master,Manager,Delhi,53,6,2.7,1749114
EMP1779,52,15,Bachelor,Data Scientist,Delhi,52,1,4.7,2473031
EMP1780,58,24,Bachelor,Manager,Delhi,92,0,4.8,3535696
EMP1781,57,27,Bachelor,Developer,Hyderabad,96,2,4.9,3493353
EMP1782,45,30,Bachelor,Analyst,Mumbai,46,1,4.7,3498798
EMP1783,52,21,Master,Developer,Pune,54,0,2.9,2840763
EMP1784,27,21,Bachelor,Consultant,Mumbai,46,4,2.6,2656687
EMP1785,23,20,PhD,Data Scientist,Mumbai,77,7,3.9,3495818
EMP1786,41,20,Master,Manager,Delhi,73,2,4.8,3163222
EMP1787,49,1,Bachelor,Consultant,Hyderabad,80,4,2.9,1203333
EMP1788,32,23,Master,Manager,Bangalore,61,5,2.5,3340486
EMP1789,25,7,Bachelor,Analyst,Hyderabad,63,0,4.5,1609616
EMP1790,36,10,Master,Analyst,Mumbai,88,4,2.7,2079046
EMP1791,27,12,Master,Analyst,Hyderabad,76,7,3.5,2393628
EMP1792,51,16,Master,Manager,Delhi,83,7,4.2,3039979
EMP1793,59,7,Master,Consultant,Bangalore,40,5,3.1,1707393
EMP1794,23,20,Bachelor,Analyst,Delhi,49,7,2.7,2685431
EMP1795,36,17,Bachelor,Consultant,Bangalore,82,0,4.4,2552826
EMP1796,32,29,Master,Manager,Mumbai,55,0,4.1,3728266
EMP1797,29,17,Bachelor,Consultant,Bangalore,85,7,5.0,2912131
EMP1798,47,13,Bachelor,Manager,Bangalore,47,4,3.4,2286119
EMP1799,26,14,Bachelor,Manager,Bangalore,95,0,2.7,2653299
EMP1800,27,30,Master,Data Scientist,Hyderabad,88,1,4.3,3987964
EMP1801,47,5,Bachelor,Manager,Hyderabad,64,7,3.8,1723302
EMP1802,25,10,Master,Manager,Mumbai,89,0,3.0,2224965
EMP1803,40,12,PhD,Developer,Bangalore,51,3,4.5,2463707
EMP1804,41,24,Bachelor,Analyst,Pune,64,5,3.0,3069644
EMP1805,54,0,Bachelor,Data Scientist,Mumbai,56,7,3.2,1346439
EMP1806,41,27,Bachelor,Data Scientist,Bangalore,99,0,2.7,3546345
EMP1807,33,5,Master,Data Scientist,Bangalore,65,3,3.5,1735783
EMP1808,22,8,Bachelor,Developer,Hyderabad,85,0,3.5,1883361
EMP1809,47,7,Bachelor,Manager,Mumbai,87,0,3.8,1907899
EMP1810,35,10,Bachelor,Analyst,Bangalore,53,4,4.3,1957233
EMP1811,59,21,Master,Consultant,Bangalore,80,1,4.8,3143175
EMP1812,58,18,Bachelor,Manager,Mumbai,75,7,2.8,3019510
EMP1813,32,23,Master,Developer,Pune,96,5,2.6,3443293
EMP1814,57,8,PhD,Manager,Mumbai,62,7,2.5,2247547
EMP1815,34,16,Bachelor,Manager,Mumbai,82,1,2.9,2640700
EMP1816,24,11,Master,Developer,Pune,45,2,4.1,2102606
EMP1817,54,24,Bachelor,Data Scientist,Mumbai,86,4,4.3,3382259
EMP1818,27,13,Master,Data Scientist,Bangalore,44,4,4.5,2548152
EMP1819,31,14,Master,Analyst,Mumbai,82,1,3.1,2492221
EMP1820,26,15,Master,Analyst,Pune,64,6,3.3,2403061
EMP1821,44,21,Bachelor,Data Scientist,Delhi,57,4,3.7,2891181
EMP1822,31,21,Bachelor,Consultant,Mumbai,52,7,2.7,2850759
EMP1823,23,27,Bachelor,Manager,Hyderabad,82,1,4.0,3559824
EMP1824,34,19,Bachelor,Consultant,Bangalore,53,4,5.0,2876123
EMP1825,23,0,Bachelor,Manager,Bangalore,67,0,3.4,1347441
EMP1826,41,9,Bachelor,Data Scientist,Hyderabad,57,1,4.4,1984308
EMP1827,22,7,Bachelor,Analyst,Hyderabad,98,1,3.8,1741466
EMP1828,58,17,Bachelor,Analyst,Mumbai,99,7,2.8,2766974
EMP1829,30,27,Master,Consultant,Hyderabad,96,3,4.0,3659115
EMP1830,38,0,Bachelor,Analyst,Delhi,67,4,3.2,1143804
EMP1831,30,1,Bachelor,Data Scientist,Pune,90,4,2.6,1401242
EMP1832,32,0,Bachelor,Consultant,Hyderabad,95,1,4.1,1310123
EMP1833,36,0,Bachelor,Manager,Hyderabad,66,0,4.6,1225072
EMP1834,45,8,PhD,Analyst,Delhi,71,0,3.4,1917198
EMP1835,59,12,Bachelor,Developer,Bangalore,86,5,3.5,2355755
EMP1836,56,29,Master,Analyst,Bangalore,48,0,4.7,3658045
EMP1837,51,0,PhD,Manager,Mumbai,79,4,4.5,1682433
EMP1838,52,12,Master,Consultant,Delhi,71,6,4.3,2487631
EMP1839,26,19,Master,Manager,Pune,59,3,3.1,2901154
EMP1840,35,25,Master,Developer,Pune,67,1,4.8,3521203
EMP1841,32,21,PhD,Data Scientist,Delhi,72,2,2.9,3199962
EMP1842,30,6,Master,Analyst,Pune,43,3,4.1,1621045
EMP1843,55,1,Master,Consultant,Bangalore,85,7,2.6,1512592
EMP1844,33,5,Master,Data Scientist,Pune,96,7,4.1,2208371
EMP1845,56,6,Bachelor,Manager,Pune,73,6,3.2,1893093
EMP1846,56,25,Master,Consultant,Delhi,87,2,3.6,3439946
EMP1847,22,13,Bachelor,Data Scientist,Delhi,42,3,3.4,2248765
EMP1848,43,25,Bachelor,Consultant,Pune,65,0,2.9,3167206
EMP1849,50,17,Bachelor,Developer,Hyderabad,47,4,4.1,2504977
EMP1850,29,14,Bachelor,Developer,Delhi,45,6,4.7,2280366
EMP1851,32,1,Bachelor,Analyst,Mumbai,55,2,4.9,1127040
EMP1852,58,9,Bachelor,Analyst,Mumbai,63,6,3.0,1931704
EMP1853,35,22,Master,Developer,Bangalore,87,3,4.3,3155678
EMP1854,51,11,Bachelor,Consultant,Pune,78,4,4.2,2159636
EMP1855,56,16,Master,Developer,Hyderabad,69,6,3.4,2738640
EMP1856,42,7,Bachelor,Analyst,Bangalore,84,2,2.5,1658455
EMP1857,58,10,Bachelor,Developer,Pune,52,1,4.2,2019159
EMP1858,26,28,Master,Developer,Delhi,44,3,4.9,3476874
EMP1859,40,2,Master,Consultant,Mumbai,64,1,4.1,1363704
EMP1860,35,26,Bachelor,Data Scientist,Hyderabad,59,0,3.6,3148975
EMP1861,47,5,Master,Analyst,Mumbai,93,1,3.8,1862558
EMP1862,25,8,Master,Consultant,Delhi,57,1,3.0,1753850
EMP1863,46,5,Bachelor,Developer,Pune,86,5,4.4,1584915
EMP1864,46,8,Bachelor,Developer,Delhi,57,3,4.4,1771165
EMP1865,39,6,PhD,Data Scientist,Delhi,41,0,2.9,1651503
EMP1866,29,30,Master,Analyst,Mumbai,49,1,4.7,3639665
EMP1867,35,8,Bachelor,Analyst,Hyderabad,94,7,3.2,1939886
EMP1868,53,17,Master,Manager,Delhi,84,4,5.0,3131344
EMP1869,59,11,Bachelor,Analyst,Mumbai,89,2,3.5,2087773
EMP1870,54,7,Bachelor,Data Scientist,Hyderabad,86,1,2.9,1815770
EMP1871,44,7,Bachelor,Manager,Pune,51,0,3.4,1673288
EMP1872,36,17,Master,Manager,Pune,86,1,3.6,2790181
EMP1873,54,27,Master,Developer,Bangalore,52,2,2.7,3277742
EMP1874,46,29,Master,Developer,Mumbai,89,0,3.9,3768485
EMP1875,38,19,Bachelor,Analyst,Hyderabad,86,3,4.0,2785924
EMP1876,54,29,Bachelor,Manager,Delhi,96,0,4.3,3862296
EMP1877,23,14,Bachelor,Developer,Pune,94,3,2.6,2244347
EMP1878,35,26,Master,Data Scientist,Hyderabad,50,0,3.9,3418098
EMP1879,27,30,Bachelor,Developer,Mumbai,58,7,2.6,3815051
EMP1880,27,6,Bachelor,Developer,Bangalore,74,6,4.3,1799974
EMP1881,24,10,Master,Manager,Pune,78,2,2.6,2185432
EMP1882,28,19,Bachelor,Manager,Hyderabad,92,2,4.8,3078765
EMP1883,29,15,PhD,Consultant,Hyderabad,65,0,4.3,2540693
EMP1884,36,3,Bachelor,Data Scientist,Hyderabad,85,6,3.8,1566177
EMP1885,50,5,Master,Manager,Mumbai,53,1,3.6,1792598
EMP1886,54,25,Bachelor,Analyst,Mumbai,93,2,2.8,3337322
EMP1887,51,21,PhD,Data Scientist,Mumbai,84,7,3.2,3441703
EMP1888,48,25,Bachelor,Data Scientist,Delhi,83,3,4.7,3368836
EMP1889,57,30,Bachelor,Manager,Hyderabad,63,3,4.8,3922734
EMP1890,50,2,Bachelor,Data Scientist,Pune,80,4,2.5,1544716
EMP1891,59,30,Bachelor,Manager,Mumbai,40,5,4.0,3807927
EMP1892,54,8,Bachelor,Developer,Mumbai,90,6,4.3,2055550
EMP1893,58,27,PhD,Consultant,Hyderabad,82,5,4.0,3768915
EMP1894,48,9,Bachelor,Developer,Mumbai,94,5,2.7,2085694
EMP1895,54,13,Master,Manager,Delhi,61,3,3.0,2428031
EMP1896,25,10,Master,Manager,Delhi,62,7,3.1,2402505
EMP1897,43,17,Master,Developer,Mumbai,95,7,4.6,2974969
EMP1898,23,21,Bachelor,Analyst,Hyderabad,93,4,3.7,3015925
EMP1899,31,11,Bachelor,Analyst,Hyderabad,58,5,3.7,1988755
EMP1900,26,22,Master,Analyst,Hyderabad,57,5,4.8,3216857
EMP1901,31,11,PhD,Manager,Bangalore,51,0,4.1,2414663
EMP1902,54,12,Bachelor,Data Scientist,Mumbai,94,0,4.7,2499090
EMP1903,59,24,Bachelor,Manager,Hyderabad,67,0,3.6,3268603
EMP1904,34,12,Bachelor,Data Scientist,Delhi,67,1,2.9,2152048
EMP1905,52,18,PhD,Developer,Pune,99,5,4.8,3165326
EMP1906,57,25,Bachelor,Consultant,Pune,98,7,3.6,3452001
EMP1907,45,18,Bachelor,Data Scientist,Hyderabad,72,7,3.0,2872216
EMP1908,36,22,Master,Analyst,Pune,58,1,3.3,2864674
EMP1909,50,13,Bachelor,Manager,Pune,67,7,2.6,2438872
EMP1910,29,3,Bachelor,Developer,Bangalore,98,4,3.7,1646864
EMP1911,26,12,Master,Analyst,Delhi,91,6,4.6,2571848
EMP1912,50,7,PhD,Developer,Delhi,100,3,4.8,2229400
EMP1913,25,28,Bachelor,Consultant,Bangalore,88,5,4.8,3833284
EMP1914,33,22,Bachelor,Manager,Bangalore,76,7,2.8,3344932
EMP1915,23,20,Bachelor,Manager,Pune,65,3,3.5,2943233
EMP1916,48,22,Bachelor,Consultant,Mumbai,74,7,2.6,3268546
EMP1917,52,18,Master,Manager,Pune,73,6,4.6,3060663
EMP1918,57,11,Bachelor,Data Scientist,Bangalore,74,0,3.4,2135369
EMP1919,57,17,Bachelor,Developer,Delhi,79,5,4.1,2822788
EMP1920,47,5,Bachelor,Analyst,Pune,55,2,4.3,1518062
EMP1921,48,17,Master,Consultant,Mumbai,77,1,3.6,2742002
EMP1922,26,18,Bachelor,Data Scientist,Pune,52,1,3.3,2662329
EMP1923,41,21,Master,Analyst,Hyderabad,62,5,4.9,3038321
EMP1924,32,4,Bachelor,Analyst,Pune,99,6,4.9,1654792
EMP1925,31,23,Master,Consultant,Bangalore,93,0,3.2,3187104
EMP1926,59,8,Master,Data Scientist,Delhi,61,1,3.7,2012671
EMP1927,27,26,Bachelor,Analyst,Delhi,55,0,4.9,3277045
EMP1928,29,2,Bachelor,Analyst,Bangalore,67,4,2.5,1165247
EMP1929,44,27,Bachelor,Data Scientist,Hyderabad,87,3,3.5,3623767
EMP1930,47,9,Bachelor,Manager,Bangalore,74,6,2.8,2338569
EMP1931,33,18,Bachelor,Analyst,Pune,99,2,3.8,2793267
EMP1932,47,2,Bachelor,Developer,Bangalore,84,3,2.6,1277896
EMP1933,34,28,Bachelor,Data Scientist,Bangalore,85,3,3.5,3780109
EMP1934,39,28,Master,Analyst,Hyderabad,47,4,3.1,3378219
EMP1935,46,21,Bachelor,Consultant,Pune,83,1,3.8,2750334
EMP1936,54,30,Master,Developer,Mumbai,94,2,5.0,4018571
EMP1937,33,14,Bachelor,Analyst,Mumbai,94,1,4.5,2524424
EMP1938,57,0,Master,Developer,Delhi,61,5,4.6,1433821
EMP1939,25,6,Master,Developer,Bangalore,60,3,4.1,1797406
EMP1940,26,11,Bachelor,Manager,Delhi,65,5,2.6,2193078
EMP1941,58,16,Master,Developer,Hyderabad,79,0,3.0,2579051
EMP1942,29,29,Bachelor,Manager,Mumbai,60,3,4.8,3819158
EMP1943,49,20,Bachelor,Data Scientist,Bangalore,64,1,3.4,2833044
EMP1944,52,30,PhD,Manager,Hyderabad,80,3,2.8,4187340
EMP1945,30,25,Bachelor,Consultant,Hyderabad,40,0,4.3,3056177
EMP1946,50,28,Bachelor,Analyst,Bangalore,45,4,3.2,3425906
EMP1947,35,23,Master,Data Scientist,Hyderabad,62,5,3.2,3250546
EMP1948,43,19,Master,Data Scientist,Bangalore,90,7,5.0,3424094
EMP1949,32,4,Master,Consultant,Bangalore,62,5,4.6,1596155
EMP1950,44,3,Bachelor,Manager,Pune,82,1,3.5,1493026
EMP1951,22,27,Master,Analyst,Delhi,82,3,5.0,3629124
EMP1952,58,11,Bachelor,Manager,Hyderabad,62,1,4.1,2047116
EMP1953,42,29,Master,Developer,Hyderabad,71,4,4.4,3614030
EMP1954,47,19,PhD,Manager,Pune,69,3,2.6,2962721
EMP1955,57,27,Master,Data Scientist,Pune,52,7,2.8,3577553
EMP1956,44,23,Master,Analyst,Pune,82,3,4.1,3197330
EMP1957,22,17,Bachelor,Manager,Mumbai,57,7,4.7,2920309
EMP1958,36,16,Master,Analyst,Mumbai,62,1,4.1,2507209
EMP1959,42,18,Master,Analyst,Mumbai,54,1,2.8,2593966
EMP1960,30,8,Bachelor,Developer,Bangalore,72,0,2.8,1696484
EMP1961,30,3,Master,Developer,Hyderabad,60,6,4.6,1641037
EMP1962,31,25,Bachelor,Data Scientist,Delhi,96,6,2.8,3574601
EMP1963,47,20,Master,Consultant,Bangalore,78,4,3.8,3055131
EMP1964,56,1,Master,Analyst,Hyderabad,62,6,2.6,1278310
EMP1965,46,3,Master,Consultant,Hyderabad,66,0,2.7,1363654
EMP1966,47,1,Bachelor,Data Scientist,Pune,84,5,4.2,1355437
EMP1967,32,14,Master,Analyst,Pune,83,7,4.2,2625314
EMP1968,59,1,Bachelor,Analyst,Bangalore,57,3,3.4,1035522
EMP1969,23,3,PhD,Consultant,Pune,63,1,3.0,1587567
EMP1970,28,5,Bachelor,Manager,Hyderabad,90,3,4.5,1912681
EMP1971,39,6,Bachelor,Developer,Pune,86,3,3.0,1669083
EMP1972,48,9,Master,Manager,Mumbai,79,2,3.9,2142610
EMP1973,55,18,Bachelor,Consultant,Pune,90,5,4.9,3006782
EMP1974,48,18,Master,Developer,Hyderabad,81,2,2.9,2743582
EMP1975,38,25,Master,Manager,Bangalore,46,6,4.9,3663419
EMP1976,45,21,Master,Developer,Delhi,89,3,3.0,3107021
EMP1977,46,28,Master,Analyst,Pune,87,7,3.9,3734999
EMP1978,28,11,Bachelor,Manager,Hyderabad,59,1,3.4,2142496
EMP1979,27,2,Bachelor,Developer,Delhi,66,7,4.9,1480860
EMP1980,45,12,Bachelor,Developer,Delhi,45,3,3.2,2003310
EMP1981,54,17,Bachelor,Developer,Mumbai,66,5,3.5,2636127
EMP1982,50,7,Bachelor,Manager,Delhi,48,7,5.0,2029894
EMP1983,43,20,Master,Data Scientist,Hyderabad,92,2,3.8,3182847
EMP1984,47,14,Master,Manager,Hyderabad,84,1,3.8,2656035
EMP1985,49,0,Bachelor,Consultant,Pune,96,3,3.1,1284465
EMP1986,42,2,Master,Manager,Pune,70,4,4.3,1628315
EMP1987,28,25,PhD,Developer,Pune,60,5,2.5,3585742
EMP1988,38,7,Master,Analyst,Delhi,65,5,2.6,1864991
EMP1989,41,3,Master,Manager,Delhi,79,4,4.0,1853371
EMP1990,41,15,Bachelor,Manager,Mumbai,87,7,3.4,2663089
EMP1991,43,29,Bachelor,Developer,Pune,84,3,4.9,3776421
EMP1992,49,22,Bachelor,Analyst,Bangalore,52,5,4.8,2969435
EMP1993,28,9,Bachelor,Analyst,Mumbai,88,1,4.3,1879492
EMP1994,22,11,PhD,Consultant,Bangalore,62,3,4.5,2354653
EMP1995,53,13,Master,Manager,Delhi,59,3,4.2,2476251
EMP1996,34,13,Bachelor,Analyst,Mumbai,76,2,2.8,2198476
EMP1997,51,1,Bachelor,Analyst,Mumbai,93,5,4.4,1512119
EMP1998,44,22,Master,Data Scientist,Hyderabad,92,5,3.0,3402822
EMP1999,40,4,Bachelor,Data Scientist,Delhi,67,4,3.3,1776376
EMP2000,53,4,Bachelor,Analyst,Delhi,56,2,4.5,1271247
