Customer_ID,Age,Monthly_Income,Credit_Score,Loan_Amount,Loan_Tenure_Months,Existing_EMI,Employment_Type,Education_Level,Marital_Status,Dependents,Previous_Default,Loan_Default
CUST1000,59,77761,615,321035,60,26483,Self-employed,Diploma,Married,3,No,0
CUST1001,49,56368,400,985258,48,3654,Salaried,Postgraduate,Single,1,No,0
CUST1002,35,26783,543,482736,60,12984,Business,Diploma,Single,2,No,0
CUST1003,28,61914,789,455779,12,24776,Salaried,Diploma,Single,4,Yes,0
CUST1004,41,90507,311,735310,60,29618,Salaried,Postgraduate,Married,3,No,1
CUST1005,59,99026,538,678328,24,18755,Business,School,Married,2,No,0
CUST1006,39,87526,341,961789,60,8135,Business,Graduate,Single,2,No,0
CUST1007,43,90835,728,826728,48,1320,Self-employed,School,Married,2,No,0
CUST1008,31,65765,457,702644,24,5654,Self-employed,School,Single,0,Yes,1
CUST1009,31,39956,515,378355,12,29635,Unemployed,Postgraduate,Married,3,Yes,1
CUST1010,44,66240,761,467570,12,22684,Salaried,Graduate,Single,2,No,0
CUST1011,56,57148,433,367986,36,24145,Self-employed,Graduate,Single,3,No,0
CUST1012,44,24757,366,556331,24,24238,Unemployed,School,Married,2,No,1
CUST1013,23,39097,306,953284,36,22889,Self-employed,Postgraduate,Married,4,No,1
CUST1014,42,30395,825,487881,24,17131,Business,Graduate,Married,4,Yes,1
CUST1015,22,36241,372,408112,24,26707,Self-employed,School,Married,4,Yes,1
CUST1016,44,47696,698,903940,48,11770,Salaried,Graduate,Married,1,Yes,0
CUST1017,50,90480,704,253077,36,7553,Self-employed,Postgraduate,Married,2,Yes,0
CUST1018,58,66163,429,154575,48,21426,Salaried,Postgraduate,Single,1,No,0
CUST1019,22,39816,765,573958,24,12559,Business,Postgraduate,Married,3,No,0
CUST1020,41,69840,505,774331,12,10009,Salaried,Graduate,Single,1,Yes,1
CUST1021,53,72853,565,518815,24,14482,Self-employed,Diploma,Single,3,Yes,1
CUST1022,32,44917,836,580808,48,8498,Unemployed,Graduate,Married,3,No,0
CUST1023,42,41566,552,691202,36,7636,Business,Diploma,Single,3,No,0
CUST1024,45,95452,588,873422,36,8362,Self-employed,Postgraduate,Single,1,No,0
CUST1025,47,82823,463,691343,48,17395,Business,School,Married,2,No,0
CUST1026,48,40806,394,711985,36,17578,Business,Diploma,Married,1,No,1
CUST1027,36,95520,409,730527,60,3537,Self-employed,Postgraduate,Married,2,Yes,1
CUST1028,35,21759,635,335469,12,20226,Self-employed,Postgraduate,Single,2,Yes,1
CUST1029,23,61949,537,223106,12,16216,Unemployed,Diploma,Married,3,No,1
CUST1030,57,22482,680,891787,12,19613,Business,School,Married,1,No,1
CUST1031,27,44442,735,940552,36,4009,Business,Postgraduate,Married,2,Yes,0
CUST1032,41,53719,782,567835,36,25368,Self-employed,Diploma,Married,4,No,0
CUST1033,29,78066,324,400486,24,15209,Salaried,School,Single,2,Yes,1
CUST1034,59,22079,416,102257,24,16675,Self-employed,School,Married,4,Yes,1
CUST1035,38,22717,781,389508,12,16029,Business,Postgraduate,Single,1,Yes,1
CUST1036,24,79676,691,780332,60,3077,Self-employed,Graduate,Married,1,Yes,0
CUST1037,45,47952,836,211715,24,14907,Unemployed,Graduate,Single,1,No,0
CUST1038,34,62460,378,126654,24,25229,Salaried,Postgraduate,Single,2,No,0
CUST1039,29,92847,472,836129,36,4867,Self-employed,School,Single,0,Yes,1
CUST1040,46,38449,311,443567,60,17152,Unemployed,Postgraduate,Married,2,No,1
CUST1041,22,53536,427,391464,12,5873,Business,Diploma,Single,2,No,0
CUST1042,40,84077,391,645096,24,9635,Self-employed,Graduate,Married,3,No,0
CUST1043,48,58258,842,676677,60,1297,Business,Diploma,Married,3,No,0
CUST1044,27,68302,831,588906,60,14095,Unemployed,Postgraduate,Married,2,Yes,0
CUST1045,28,48865,746,218581,12,23240,Business,Postgraduate,Married,4,No,0
CUST1046,55,26645,689,227927,60,10036,Unemployed,School,Married,3,Yes,1
CUST1047,34,58000,342,134773,60,2015,Unemployed,School,Single,2,Yes,1
CUST1048,37,46737,553,806528,60,2384,Unemployed,School,Married,0,No,1
CUST1049,56,31485,429,520963,24,26973,Self-employed,Diploma,Single,4,Yes,1
CUST1050,24,58565,359,438540,12,9745,Business,School,Single,1,No,0
CUST1051,22,45522,766,601590,60,19734,Business,Postgraduate,Single,2,No,0
CUST1052,26,85155,586,469836,60,18653,Salaried,School,Single,2,Yes,1
CUST1053,24,75168,816,314764,24,2260,Salaried,Graduate,Single,4,No,0
CUST1054,49,72487,766,681793,12,8701,Salaried,School,Single,3,Yes,0
CUST1055,38,32342,644,972328,36,25760,Salaried,Diploma,Single,3,Yes,1
CUST1056,46,60806,681,642423,24,21947,Business,Graduate,Married,3,No,0
CUST1057,54,68770,552,715175,12,24281,Unemployed,Graduate,Single,1,No,1
CUST1058,30,98623,355,222118,60,27986,Unemployed,Graduate,Married,4,No,1
CUST1059,56,95629,762,409521,12,23056,Self-employed,Diploma,Single,4,Yes,0
CUST1060,34,72603,756,254626,12,11401,Unemployed,Postgraduate,Single,3,No,0
CUST1061,51,46399,382,948923,12,16519,Business,School,Single,3,Yes,1
CUST1062,35,96534,398,345739,36,22977,Business,Graduate,Single,0,Yes,1
CUST1063,28,75106,448,944715,12,12864,Business,Graduate,Married,0,No,0
CUST1064,34,50678,628,578356,36,16681,Self-employed,Graduate,Married,2,No,0
CUST1065,43,96218,455,379067,60,23539,Salaried,Postgraduate,Married,2,No,0
CUST1066,41,83230,489,409735,36,6543,Unemployed,Postgraduate,Single,4,Yes,1
CUST1067,36,94055,793,686549,60,24624,Business,Diploma,Single,4,No,0
CUST1068,38,76373,562,416480,60,22067,Business,Postgraduate,Single,1,Yes,1
CUST1069,44,51480,379,436227,36,19265,Salaried,School,Married,1,No,0
CUST1070,46,88836,699,685236,24,13488,Business,Diploma,Single,0,No,0
CUST1071,45,92258,559,340891,48,26097,Unemployed,Diploma,Married,2,Yes,1
CUST1072,49,59986,400,264074,12,11079,Self-employed,School,Married,0,Yes,1
CUST1073,35,44160,658,573314,48,11744,Business,School,Single,0,No,0
CUST1074,21,99111,679,609452,12,4809,Unemployed,School,Single,2,No,0
CUST1075,45,84929,520,388816,12,23191,Business,Diploma,Married,1,No,0
CUST1076,27,93506,719,890645,60,22267,Salaried,Diploma,Married,2,No,0
CUST1077,29,54911,423,241365,12,8206,Business,Diploma,Married,3,No,0
CUST1078,44,51821,721,549076,12,21539,Business,School,Single,3,Yes,0
CUST1079,21,95039,530,162507,36,22057,Self-employed,School,Single,3,Yes,1
CUST1080,28,80535,362,157134,48,29992,Salaried,Graduate,Single,4,Yes,1
CUST1081,44,32175,784,233172,36,14746,Salaried,Postgraduate,Single,1,Yes,0
CUST1082,31,74771,782,341225,12,16995,Self-employed,Graduate,Single,1,No,0
CUST1083,37,86358,818,293069,60,17035,Business,School,Single,4,Yes,0
CUST1084,28,37327,454,914604,36,12671,Unemployed,Diploma,Married,0,Yes,1
CUST1085,55,67057,391,906564,36,14210,Salaried,School,Married,3,Yes,1
CUST1086,55,26150,825,873221,24,18793,Salaried,Postgraduate,Married,3,No,1
CUST1087,53,24425,754,904631,12,27270,Business,Graduate,Single,0,Yes,1
CUST1088,25,36032,809,660897,60,6197,Business,Graduate,Married,2,No,0
CUST1089,59,22198,482,274037,36,16553,Salaried,Diploma,Single,2,Yes,1
CUST1090,48,80500,685,763376,36,8452,Business,Graduate,Single,1,No,0
CUST1091,27,73394,704,532995,60,9718,Unemployed,Graduate,Married,4,Yes,0
CUST1092,29,40079,545,596013,12,15859,Salaried,School,Single,1,No,0
CUST1093,28,56220,770,394025,24,28236,Unemployed,Graduate,Married,2,Yes,1
CUST1094,32,61874,722,837954,36,3172,Unemployed,Graduate,Married,0,No,0
CUST1095,54,33859,364,910904,24,14158,Business,Graduate,Single,1,No,1
CUST1096,53,70460,312,600098,48,17663,Unemployed,Diploma,Married,3,Yes,1
CUST1097,43,51419,512,807173,12,28540,Business,Diploma,Married,3,No,1
CUST1098,44,28705,541,855728,48,21361,Self-employed,School,Married,0,No,1
CUST1099,57,62880,792,357803,48,20053,Business,Graduate,Married,2,Yes,0
CUST1100,55,43236,512,791381,48,12085,Unemployed,Diploma,Single,3,Yes,1
CUST1101,42,35358,637,416275,12,25209,Self-employed,Diploma,Married,3,No,0
CUST1102,47,96918,472,779447,12,27327,Business,School,Married,4,Yes,1
CUST1103,55,34596,463,112828,60,4981,Unemployed,Postgraduate,Married,1,Yes,1
CUST1104,21,53572,764,983096,24,22153,Salaried,Graduate,Single,2,Yes,1
CUST1105,55,98757,796,616835,24,6247,Salaried,Diploma,Married,1,No,0
CUST1106,57,21279,694,756761,60,11553,Business,School,Single,2,No,0
CUST1107,34,83197,607,901625,60,21811,Business,School,Married,3,No,0
CUST1108,23,82516,482,323461,48,7135,Salaried,School,Married,4,No,0
CUST1109,21,27083,809,538080,60,6573,Unemployed,Diploma,Married,1,No,0
CUST1110,25,37771,845,513523,36,21515,Unemployed,Graduate,Single,3,No,1
CUST1111,46,49975,526,464662,24,27284,Unemployed,Postgraduate,Single,2,No,1
CUST1112,34,65648,735,381755,60,14731,Business,Graduate,Single,1,Yes,0
CUST1113,59,68285,721,799151,36,8189,Self-employed,School,Single,1,No,0
CUST1114,47,39063,320,438384,36,15541,Self-employed,School,Single,3,No,1
CUST1115,29,87642,696,339719,36,11878,Self-employed,Postgraduate,Single,1,Yes,0
CUST1116,35,57599,404,832763,36,12087,Self-employed,Graduate,Married,4,Yes,1
CUST1117,35,71920,491,889177,48,14667,Self-employed,School,Single,4,Yes,1
CUST1118,46,48529,316,941675,36,21919,Business,School,Married,3,No,1
CUST1119,33,55954,419,366010,48,3776,Business,Graduate,Single,2,Yes,1
CUST1120,52,47856,692,787605,48,10311,Self-employed,School,Single,3,No,0
CUST1121,59,22573,724,537940,36,28564,Business,Graduate,Single,4,No,0
CUST1122,52,98344,428,695642,24,29835,Business,School,Married,0,No,0
CUST1123,24,55367,429,151374,36,29819,Self-employed,Graduate,Single,0,Yes,1
CUST1124,50,80774,328,214397,36,8697,Unemployed,Postgraduate,Single,1,Yes,1
CUST1125,57,43752,396,348552,36,15629,Business,School,Married,1,No,0
CUST1126,43,75029,309,486721,24,9386,Unemployed,Postgraduate,Married,0,No,0
CUST1127,59,37685,541,523332,12,18046,Business,School,Married,4,No,1
CUST1128,35,71693,531,967461,12,26055,Business,School,Married,1,Yes,1
CUST1129,49,75961,583,980006,48,9044,Self-employed,Diploma,Single,3,No,0
CUST1130,56,96908,499,392575,48,21602,Business,Graduate,Married,3,Yes,1
CUST1131,33,94532,378,511124,24,10615,Salaried,Postgraduate,Single,4,No,0
CUST1132,52,76133,472,129336,60,16034,Salaried,Postgraduate,Single,1,Yes,1
CUST1133,27,81268,766,927424,12,6060,Self-employed,Postgraduate,Married,3,No,0
CUST1134,42,58243,715,155350,48,11900,Unemployed,Graduate,Single,1,Yes,0
CUST1135,48,77384,748,693849,12,28751,Unemployed,Diploma,Married,1,Yes,1
CUST1136,22,51653,386,610470,24,23258,Unemployed,Postgraduate,Single,3,Yes,1
CUST1137,26,46657,400,938387,24,6581,Salaried,Graduate,Married,0,Yes,1
CUST1138,48,59952,307,161240,60,29390,Unemployed,School,Married,3,Yes,1
CUST1139,48,42180,499,775453,60,3014,Unemployed,Postgraduate,Married,4,Yes,1
CUST1140,40,98411,804,499371,24,21173,Self-employed,Postgraduate,Married,2,No,0
CUST1141,50,21622,386,670895,48,13997,Unemployed,Diploma,Married,3,No,1
CUST1142,31,68756,342,811028,12,11635,Salaried,Postgraduate,Married,1,No,0
CUST1143,48,60809,684,281196,36,26487,Salaried,Postgraduate,Single,1,No,0
CUST1144,45,36725,734,415014,60,14648,Salaried,School,Single,3,Yes,0
CUST1145,59,81396,707,549763,36,8148,Self-employed,Graduate,Single,2,No,0
CUST1146,53,71226,782,688398,48,25150,Self-employed,Graduate,Married,3,Yes,0
CUST1147,21,49402,316,284626,60,28789,Business,Diploma,Single,2,Yes,1
CUST1148,47,24263,447,776296,36,19748,Unemployed,School,Married,2,Yes,1
CUST1149,33,66828,576,479039,48,15022,Self-employed,Graduate,Single,4,No,0
CUST1150,23,67924,531,628714,12,21013,Salaried,School,Single,1,Yes,1
CUST1151,59,94182,665,844199,48,6919,Salaried,Graduate,Married,1,No,0
CUST1152,26,79052,527,914038,60,16886,Self-employed,School,Single,2,No,1
CUST1153,28,31664,735,541048,24,23059,Self-employed,Diploma,Single,1,No,0
CUST1154,47,55737,698,652439,12,29048,Self-employed,Postgraduate,Single,0,No,0
CUST1155,29,49373,510,373452,36,26256,Business,Diploma,Married,2,No,0
CUST1156,57,56397,690,340853,60,7638,Salaried,Graduate,Single,1,Yes,0
CUST1157,53,58709,798,878883,24,5651,Business,Diploma,Married,0,Yes,0
CUST1158,44,81120,839,276743,48,1609,Business,Postgraduate,Single,4,No,0
CUST1159,35,39250,790,190306,24,8940,Unemployed,Diploma,Single,1,Yes,1
CUST1160,52,41172,741,849468,60,11348,Salaried,Graduate,Single,0,No,0
CUST1161,52,31555,560,993416,60,4866,Salaried,Graduate,Single,3,Yes,1
CUST1162,44,98617,649,626492,24,17755,Self-employed,Diploma,Married,3,Yes,0
CUST1163,32,73276,651,192769,48,24382,Self-employed,Postgraduate,Single,0,Yes,0
CUST1164,59,77492,819,187265,24,17999,Unemployed,Diploma,Married,2,Yes,1
CUST1165,22,73002,619,917563,60,24295,Business,Postgraduate,Married,2,Yes,1
CUST1166,23,92355,437,152428,60,23394,Self-employed,School,Single,1,Yes,1
CUST1167,57,44762,849,658158,36,3253,Self-employed,Postgraduate,Single,3,Yes,0
CUST1168,37,31046,667,727835,36,5942,Salaried,School,Married,2,Yes,1
CUST1169,22,48769,519,860278,12,13330,Salaried,Diploma,Married,2,Yes,1
CUST1170,22,73302,636,149067,60,1864,Self-employed,Postgraduate,Single,3,Yes,0
CUST1171,48,43150,522,862371,36,2268,Salaried,School,Single,4,Yes,1
CUST1172,43,88247,659,212217,24,8454,Unemployed,School,Single,2,Yes,0
CUST1173,57,24853,628,518184,48,14666,Self-employed,School,Single,0,Yes,0
CUST1174,52,41792,762,723222,24,26360,Salaried,Graduate,Single,1,No,0
CUST1175,53,79129,681,242980,48,21955,Unemployed,Diploma,Married,2,Yes,1
CUST1176,21,94478,468,602367,36,13370,Salaried,School,Single,2,Yes,1
CUST1177,39,87298,516,436851,12,6229,Salaried,Postgraduate,Single,4,Yes,1
CUST1178,22,51987,677,309329,24,17309,Salaried,School,Married,0,Yes,0
CUST1179,46,35850,418,357354,24,19621,Self-employed,Graduate,Single,1,Yes,1
CUST1180,52,32112,489,623406,24,5054,Business,Diploma,Single,2,Yes,1
CUST1181,26,44058,669,161215,48,1935,Salaried,Graduate,Married,1,No,0
CUST1182,52,65420,448,811195,36,13172,Unemployed,Graduate,Single,3,No,1
CUST1183,24,58890,787,411573,24,23778,Self-employed,Graduate,Married,2,No,0
CUST1184,31,86017,673,968584,24,25275,Self-employed,Postgraduate,Single,2,Yes,1
CUST1185,37,67304,459,732336,12,11530,Unemployed,Diploma,Single,3,Yes,1
CUST1186,58,52921,650,269530,12,16560,Salaried,Diploma,Single,4,Yes,0
CUST1187,44,21524,587,277241,36,17156,Business,Postgraduate,Married,2,No,1
CUST1188,25,35048,587,238731,36,17709,Salaried,Diploma,Married,1,Yes,1
CUST1189,54,55111,525,553830,60,10726,Unemployed,Graduate,Married,0,Yes,1
CUST1190,26,57904,822,864265,12,29056,Self-employed,Diploma,Married,1,No,0
CUST1191,42,74912,821,439384,60,8774,Business,Postgraduate,Single,4,No,0
CUST1192,31,54008,572,526009,48,21245,Self-employed,Graduate,Married,0,Yes,1
CUST1193,36,20060,701,213688,60,2985,Unemployed,Postgraduate,Married,1,Yes,1
CUST1194,53,94666,482,408617,24,15252,Salaried,School,Married,1,Yes,1
CUST1195,29,75337,787,983194,60,22316,Business,Graduate,Single,3,Yes,1
CUST1196,26,33350,423,844748,36,5603,Self-employed,Graduate,Single,4,No,1
CUST1197,36,44354,713,590834,48,20162,Self-employed,Diploma,Married,3,Yes,0
CUST1198,49,65186,471,993388,24,16960,Self-employed,Graduate,Married,0,Yes,1
CUST1199,23,48145,587,480596,60,10462,Salaried,Postgraduate,Single,3,No,0
CUST1200,40,54020,734,811111,48,26216,Business,Diploma,Married,4,Yes,1
CUST1201,56,95186,412,834275,48,15166,Salaried,School,Married,2,Yes,1
CUST1202,39,40581,421,369150,24,8754,Salaried,Postgraduate,Married,2,No,0
CUST1203,46,43051,843,349243,60,15246,Salaried,School,Married,0,No,0
CUST1204,23,71474,521,698506,48,5078,Unemployed,School,Single,2,Yes,1
CUST1205,39,89626,338,296416,48,13853,Unemployed,School,Single,3,No,0
CUST1206,40,26960,796,656718,12,18751,Unemployed,Graduate,Single,0,No,1
CUST1207,52,55772,532,123091,48,5042,Business,Postgraduate,Married,4,Yes,1
CUST1208,27,41520,829,881413,12,17284,Salaried,Postgraduate,Married,0,No,0
CUST1209,53,69481,448,648277,60,15389,Salaried,Graduate,Single,0,Yes,1
CUST1210,59,56408,696,175451,60,3575,Unemployed,Diploma,Single,1,Yes,0
CUST1211,38,77134,601,118990,60,7754,Salaried,School,Single,1,Yes,0
CUST1212,21,40491,659,452414,36,29179,Salaried,Postgraduate,Married,0,Yes,0
CUST1213,31,21341,537,966792,60,18965,Self-employed,Graduate,Single,2,No,1
CUST1214,48,64623,535,350541,48,2986,Salaried,School,Married,1,Yes,1
CUST1215,45,20338,502,922513,24,19624,Self-employed,Diploma,Married,4,Yes,1
CUST1216,43,91431,555,766393,12,21350,Salaried,Diploma,Single,3,Yes,1
CUST1217,51,32254,534,470416,36,27681,Business,School,Single,1,Yes,1
CUST1218,50,71860,644,902673,60,24988,Unemployed,Diploma,Married,0,No,1
CUST1219,55,31344,833,224932,60,16470,Self-employed,Postgraduate,Single,2,No,0
CUST1220,27,21750,765,368083,24,25704,Unemployed,Postgraduate,Single,3,No,1
CUST1221,36,74756,840,213000,24,6968,Self-employed,Postgraduate,Married,1,Yes,0
CUST1222,46,87957,512,802922,36,29572,Self-employed,Diploma,Married,2,No,1
CUST1223,22,78053,762,659351,12,26427,Self-employed,Postgraduate,Married,2,No,0
CUST1224,21,90855,735,593216,60,8493,Business,Graduate,Married,2,Yes,0
CUST1225,32,35896,582,832081,36,5103,Salaried,Postgraduate,Married,0,No,1
CUST1226,25,75761,762,782405,48,3076,Self-employed,Postgraduate,Single,4,Yes,0
CUST1227,57,82552,706,609850,48,22615,Business,Diploma,Married,2,No,0
CUST1228,52,97454,387,537985,36,3994,Self-employed,Postgraduate,Married,3,No,0
CUST1229,29,47935,343,933550,60,4744,Salaried,School,Married,1,No,0
CUST1230,55,57641,760,184703,36,15466,Self-employed,Graduate,Single,3,No,0
CUST1231,39,49711,577,595164,60,15523,Business,Diploma,Married,0,Yes,1
CUST1232,36,90342,720,514841,24,28332,Salaried,Graduate,Married,0,Yes,0
CUST1233,23,32182,652,860084,36,6594,Business,School,Married,3,No,0
CUST1234,40,76276,814,752845,60,8531,Salaried,Diploma,Single,4,Yes,0
CUST1235,44,39541,318,389220,36,8371,Salaried,Diploma,Married,0,No,0
CUST1236,53,64813,322,353317,36,15547,Unemployed,Postgraduate,Married,0,No,1
CUST1237,44,57198,712,295877,60,19028,Unemployed,Graduate,Married,3,No,0
CUST1238,31,28820,329,931037,60,29947,Unemployed,School,Single,0,No,1
CUST1239,28,44070,407,446709,12,4144,Salaried,School,Single,4,No,0
CUST1240,56,89768,666,581725,36,14990,Self-employed,Diploma,Single,4,No,0
CUST1241,58,31122,580,925553,48,15083,Business,Postgraduate,Single,4,Yes,1
CUST1242,40,93543,427,917865,36,17626,Business,Diploma,Married,1,Yes,1
CUST1243,55,61786,528,667597,36,21469,Business,Diploma,Married,4,No,0
CUST1244,45,26737,410,953900,60,8954,Unemployed,Diploma,Single,4,Yes,1
CUST1245,55,56062,435,537470,36,8269,Salaried,Diploma,Single,1,No,0
CUST1246,45,74237,661,953725,36,8130,Unemployed,School,Married,2,Yes,1
CUST1247,49,71571,485,458402,48,7828,Self-employed,School,Married,0,Yes,1
CUST1248,38,45510,428,924837,60,25746,Salaried,Diploma,Single,4,Yes,1
CUST1249,38,39426,560,667815,36,9844,Business,Diploma,Single,0,No,0
CUST1250,22,57265,814,963659,24,15220,Unemployed,Postgraduate,Single,3,Yes,1
CUST1251,55,37850,748,848778,12,7331,Unemployed,Diploma,Single,0,No,1
CUST1252,36,86150,403,239883,48,20896,Self-employed,School,Married,1,No,0
CUST1253,56,94910,782,717632,36,14397,Self-employed,Graduate,Single,0,No,0
CUST1254,53,72375,523,255344,24,18883,Unemployed,School,Single,0,Yes,1
CUST1255,24,55435,790,565226,36,11291,Self-employed,Postgraduate,Married,0,Yes,0
CUST1256,53,77132,772,847852,36,19542,Business,School,Married,2,Yes,1
CUST1257,34,98945,309,671441,60,11164,Self-employed,Graduate,Married,2,No,0
CUST1258,41,22983,704,208042,60,29501,Self-employed,Diploma,Married,3,No,0
CUST1259,40,40662,601,154110,60,22546,Unemployed,Graduate,Married,1,Yes,1
CUST1260,28,43510,530,245051,24,11450,Unemployed,Diploma,Single,0,No,0
CUST1261,27,98187,365,865419,36,21423,Salaried,Diploma,Single,0,Yes,1
CUST1262,23,60998,411,863461,12,3035,Salaried,School,Single,0,Yes,1
CUST1263,37,76846,312,128328,48,12463,Unemployed,School,Married,0,Yes,1
CUST1264,53,26640,692,737199,60,8977,Self-employed,School,Single,2,Yes,1
CUST1265,32,64547,799,375011,60,18241,Self-employed,Postgraduate,Married,3,No,0
CUST1266,42,74620,533,159234,36,21207,Salaried,School,Single,4,Yes,1
CUST1267,42,35317,613,912283,36,24154,Salaried,Postgraduate,Single,1,Yes,1
CUST1268,50,27564,311,917711,24,26625,Salaried,School,Married,0,Yes,1
CUST1269,58,47345,508,872791,24,13182,Business,Diploma,Married,3,Yes,1
CUST1270,58,99273,313,327135,60,1298,Business,Postgraduate,Single,4,Yes,1
CUST1271,28,94859,717,697690,36,24628,Salaried,Graduate,Single,3,Yes,0
CUST1272,47,94038,736,901881,12,1923,Self-employed,Postgraduate,Single,2,Yes,0
CUST1273,47,72393,676,438365,48,21616,Salaried,Postgraduate,Single,4,No,0
CUST1274,54,86081,319,975512,36,14331,Business,Graduate,Single,3,No,0
CUST1275,41,49430,369,629739,36,21690,Self-employed,Postgraduate,Married,2,No,0
CUST1276,50,95532,510,187178,24,20183,Business,Diploma,Married,3,No,0
CUST1277,53,47788,400,950193,48,7578,Self-employed,School,Married,3,Yes,1
CUST1278,48,68543,431,336562,60,5875,Business,Graduate,Married,4,No,0
CUST1279,53,33919,680,401014,36,22710,Self-employed,School,Single,2,No,0
CUST1280,25,89346,431,458710,60,13254,Self-employed,Diploma,Single,0,No,0
CUST1281,39,59974,319,485893,36,23966,Self-employed,Graduate,Married,1,Yes,1
CUST1282,24,36371,835,223765,60,29621,Self-employed,School,Single,4,No,0
CUST1283,55,65084,526,487025,48,19186,Unemployed,School,Married,2,No,1
CUST1284,37,49629,453,228389,24,11905,Business,Diploma,Single,3,Yes,1
CUST1285,48,71184,768,813987,48,14353,Business,School,Single,2,No,0
CUST1286,50,81916,704,297227,12,16882,Unemployed,Diploma,Single,1,Yes,1
CUST1287,49,93972,501,592402,24,28429,Self-employed,Postgraduate,Married,1,No,0
CUST1288,26,82187,337,911804,48,20041,Self-employed,Diploma,Married,0,Yes,1
CUST1289,55,32984,487,890074,12,20730,Business,Postgraduate,Married,0,No,1
CUST1290,57,53039,356,360220,36,10663,Unemployed,Graduate,Married,1,No,0
CUST1291,44,78606,319,521217,36,20333,Self-employed,School,Single,4,No,0
CUST1292,49,30616,572,396208,60,1941,Self-employed,Diploma,Single,4,Yes,1
CUST1293,51,70072,418,850186,24,2907,Self-employed,Diploma,Single,3,No,0
CUST1294,55,44574,815,900554,36,5837,Salaried,School,Single,0,Yes,0
CUST1295,53,23430,520,168431,24,14680,Unemployed,School,Married,3,Yes,1
CUST1296,41,32676,825,155745,36,25489,Self-employed,Graduate,Single,0,Yes,1
CUST1297,52,30816,814,150081,60,18627,Salaried,Graduate,Single,1,Yes,1
CUST1298,43,52733,635,316204,48,6696,Unemployed,Diploma,Single,4,No,0
CUST1299,53,22050,354,501415,60,17226,Self-employed,Graduate,Married,4,No,1
CUST1300,23,53933,799,700541,12,14543,Business,Postgraduate,Married,1,No,0
CUST1301,38,44951,835,398335,36,13615,Salaried,Graduate,Married,3,Yes,0
CUST1302,45,52413,461,896643,12,2466,Salaried,Graduate,Single,3,No,0
CUST1303,51,54801,458,211086,12,21341,Self-employed,Diploma,Married,2,Yes,1
CUST1304,23,75619,487,556285,24,19350,Self-employed,Postgraduate,Single,0,Yes,1
CUST1305,44,52913,359,514758,36,1375,Salaried,Graduate,Single,3,Yes,1
CUST1306,52,60600,618,524528,12,1262,Business,Postgraduate,Single,1,No,0
CUST1307,42,77775,510,538458,48,21746,Business,Postgraduate,Married,3,No,0
CUST1308,43,55400,705,988403,12,23886,Unemployed,Postgraduate,Married,4,Yes,1
CUST1309,22,24494,408,718071,48,12580,Self-employed,School,Single,0,No,1
CUST1310,47,94691,375,749969,24,28971,Business,School,Single,2,No,1
CUST1311,22,63001,841,712181,12,11136,Unemployed,School,Married,0,Yes,1
CUST1312,46,87364,613,599797,60,8833,Business,School,Married,4,Yes,0
CUST1313,37,65028,416,258763,24,2893,Self-employed,Diploma,Married,4,No,0
CUST1314,53,57573,318,702248,48,9106,Unemployed,Graduate,Single,4,Yes,1
CUST1315,29,20806,731,970820,24,12826,Unemployed,School,Single,4,Yes,1
CUST1316,59,76638,649,122601,12,2652,Unemployed,Diploma,Single,1,No,0
CUST1317,49,49757,482,511236,36,22924,Business,Graduate,Married,2,No,0
CUST1318,46,54636,412,239227,36,29717,Self-employed,School,Married,4,Yes,1
CUST1319,55,68280,482,824479,48,21276,Unemployed,Graduate,Married,4,No,1
CUST1320,45,44262,780,792137,48,1599,Salaried,School,Single,3,Yes,0
CUST1321,44,82211,445,381854,36,22199,Self-employed,Diploma,Single,2,Yes,1
CUST1322,33,74842,412,470858,48,19296,Salaried,Postgraduate,Married,0,No,0
CUST1323,27,76979,775,779892,24,26868,Salaried,Postgraduate,Single,2,Yes,1
CUST1324,56,58197,602,753015,60,9792,Unemployed,Graduate,Married,2,Yes,1
CUST1325,40,61844,417,687515,60,25956,Unemployed,Diploma,Single,2,Yes,1
CUST1326,21,84754,460,760327,24,21597,Business,Postgraduate,Married,4,No,1
CUST1327,28,54157,700,708577,60,4637,Business,School,Single,4,No,0
CUST1328,36,97129,497,251094,12,11355,Business,Postgraduate,Single,1,No,0
CUST1329,34,60042,559,536679,24,16989,Self-employed,Graduate,Married,0,Yes,1
CUST1330,32,81665,346,830031,48,29931,Business,Graduate,Married,3,Yes,1
CUST1331,43,47376,698,892154,24,10290,Salaried,Diploma,Married,2,No,0
CUST1332,35,75554,377,782773,36,6599,Business,Graduate,Married,0,No,0
CUST1333,48,34199,423,967482,48,23832,Unemployed,Postgraduate,Married,0,No,1
CUST1334,54,70948,374,602648,36,15342,Business,Postgraduate,Single,1,Yes,1
CUST1335,22,93781,436,858108,48,25941,Self-employed,Postgraduate,Married,3,No,1
CUST1336,52,92750,699,861282,60,14945,Self-employed,Postgraduate,Married,2,Yes,0
CUST1337,43,86262,804,579083,24,11762,Salaried,Diploma,Married,3,No,0
CUST1338,42,66600,799,445740,12,28995,Self-employed,School,Single,1,Yes,0
CUST1339,45,96898,437,953164,48,15312,Business,School,Married,4,Yes,1
CUST1340,42,82483,349,505513,48,8382,Unemployed,Diploma,Married,0,No,0
CUST1341,42,38297,553,168323,36,28052,Self-employed,Graduate,Married,2,Yes,1
CUST1342,26,50448,725,385960,60,9982,Salaried,School,Single,4,No,0
CUST1343,35,46172,846,664983,36,20953,Business,Graduate,Single,1,Yes,0
CUST1344,57,62874,601,512918,36,8707,Salaried,School,Married,3,Yes,0
CUST1345,53,27657,648,518458,60,18130,Self-employed,Graduate,Single,0,No,0
CUST1346,28,45425,348,155841,12,25888,Self-employed,Diploma,Married,2,Yes,1
CUST1347,25,46685,373,490642,36,5633,Salaried,Postgraduate,Single,4,No,0
CUST1348,59,44578,560,298784,36,18304,Business,Graduate,Married,4,No,0
CUST1349,24,48831,655,207096,48,10269,Self-employed,Postgraduate,Single,0,No,0
CUST1350,26,27906,559,192764,60,14778,Unemployed,Graduate,Married,3,Yes,1
CUST1351,52,81413,594,546790,24,8008,Self-employed,Graduate,Married,1,Yes,1
CUST1352,50,74028,612,710032,12,16523,Business,Graduate,Single,3,Yes,1
CUST1353,55,27287,481,914914,12,28405,Self-employed,Graduate,Married,3,No,1
CUST1354,36,53660,663,633459,60,19765,Salaried,Graduate,Married,3,No,0
CUST1355,33,95758,487,725043,48,4618,Self-employed,Postgraduate,Married,0,Yes,1
CUST1356,50,80504,842,592148,48,26373,Self-employed,Graduate,Married,0,Yes,0
CUST1357,39,79720,847,732413,60,21827,Business,Postgraduate,Single,1,No,0
CUST1358,37,54701,707,468226,48,1272,Salaried,Diploma,Married,3,Yes,0
CUST1359,39,37674,713,103696,12,28586,Business,School,Single,0,No,0
CUST1360,48,43874,641,226310,12,14007,Self-employed,Graduate,Single,1,Yes,0
CUST1361,46,63642,519,775673,24,19157,Unemployed,School,Single,1,No,1
CUST1362,57,85160,462,905581,60,3547,Self-employed,Postgraduate,Single,3,Yes,1
CUST1363,46,37602,519,939953,36,4164,Business,Diploma,Married,2,Yes,1
CUST1364,43,45931,569,145740,36,22164,Unemployed,Diploma,Married,3,No,1
CUST1365,29,49192,699,206611,24,15414,Business,Diploma,Single,2,No,0
CUST1366,32,66542,481,498172,24,15327,Business,School,Married,1,No,0
CUST1367,21,62520,504,568947,48,16576,Salaried,Postgraduate,Single,0,Yes,1
CUST1368,21,84772,527,575828,24,1946,Unemployed,Graduate,Married,4,No,0
CUST1369,54,78762,549,873210,24,15693,Self-employed,Graduate,Married,1,No,1
CUST1370,52,70106,740,428785,36,28241,Business,Postgraduate,Married,0,Yes,0
CUST1371,45,45559,832,688099,48,17890,Self-employed,School,Single,1,No,0
CUST1372,21,53742,495,545376,24,16540,Salaried,Graduate,Single,3,No,0
CUST1373,36,89669,818,806673,24,7719,Salaried,Postgraduate,Married,2,No,0
CUST1374,59,41754,369,687520,48,9435,Unemployed,Graduate,Single,1,Yes,1
CUST1375,25,23972,698,901849,60,26081,Salaried,Diploma,Single,0,Yes,1
CUST1376,42,90831,502,780089,48,12350,Salaried,Graduate,Married,3,Yes,1
CUST1377,49,61873,447,212492,36,23744,Self-employed,School,Single,4,No,0
CUST1378,23,29903,771,130099,60,25041,Salaried,Postgraduate,Married,3,Yes,1
CUST1379,32,23020,498,853494,12,4590,Salaried,School,Married,2,No,1
CUST1380,46,61755,725,523177,48,11064,Business,Postgraduate,Married,3,No,0
CUST1381,36,65648,791,742762,36,29369,Salaried,Diploma,Single,4,No,0
CUST1382,57,29516,441,371400,60,18576,Business,Postgraduate,Married,0,Yes,1
CUST1383,42,22396,612,579336,48,18848,Salaried,Graduate,Married,1,Yes,1
CUST1384,49,39129,464,867876,24,1390,Salaried,Graduate,Single,2,No,1
CUST1385,34,21591,613,658969,48,22999,Unemployed,Diploma,Single,4,No,1
CUST1386,48,31303,320,191328,12,13668,Unemployed,Postgraduate,Single,2,Yes,1
CUST1387,25,50561,381,842800,48,12569,Business,Diploma,Single,3,Yes,1
CUST1388,50,91719,430,405505,60,14029,Salaried,Graduate,Married,2,Yes,1
CUST1389,25,27314,604,557719,60,23490,Self-employed,School,Single,4,No,0
CUST1390,32,39623,670,134540,48,14107,Unemployed,Diploma,Single,1,Yes,1
CUST1391,36,87675,683,257608,60,26248,Self-employed,School,Single,1,Yes,0
CUST1392,46,85082,744,184700,24,3560,Unemployed,School,Single,2,Yes,0
CUST1393,46,53130,724,440676,48,6867,Unemployed,Postgraduate,Married,0,No,0
CUST1394,41,71756,460,811935,24,16284,Salaried,Diploma,Single,2,Yes,1
CUST1395,59,46292,477,489770,24,2211,Unemployed,School,Married,3,No,0
CUST1396,56,89274,789,496087,36,10121,Self-employed,School,Single,1,No,0
CUST1397,53,22469,626,146002,48,2539,Unemployed,Postgraduate,Married,1,No,0
CUST1398,50,73947,588,149812,60,26488,Business,Postgraduate,Married,1,Yes,1
CUST1399,57,42534,653,515842,24,18027,Salaried,Graduate,Single,0,Yes,0
CUST1400,43,83620,327,815339,36,9693,Salaried,School,Married,0,Yes,1
CUST1401,30,68874,342,357906,48,9921,Business,Graduate,Single,4,No,0
CUST1402,25,69708,722,208946,48,18667,Business,School,Married,2,Yes,0
CUST1403,56,94553,476,166668,12,25064,Business,Graduate,Married,2,No,0
CUST1404,54,88344,828,199003,12,11310,Unemployed,Postgraduate,Married,3,Yes,0
CUST1405,51,69138,793,835430,24,24729,Salaried,Diploma,Single,1,Yes,1
CUST1406,30,74302,497,320462,12,13744,Business,Postgraduate,Married,0,Yes,1
CUST1407,39,67638,816,929430,24,5386,Unemployed,Graduate,Single,3,Yes,1
CUST1408,52,98249,813,819174,60,29412,Business,Graduate,Married,3,No,0
CUST1409,21,22719,321,728889,24,18303,Self-employed,Diploma,Married,0,No,1
CUST1410,25,42890,411,369956,12,13242,Self-employed,School,Married,2,No,0
CUST1411,24,97236,356,161844,60,19723,Salaried,Graduate,Married,1,No,0
CUST1412,36,56509,365,825453,12,15257,Unemployed,Graduate,Married,2,Yes,1
CUST1413,44,62534,397,495395,24,9947,Self-employed,Graduate,Married,3,No,0
CUST1414,36,38787,443,799158,36,14946,Self-employed,Diploma,Single,1,No,1
CUST1415,22,68845,734,174601,48,6930,Unemployed,Postgraduate,Single,4,No,0
CUST1416,48,77932,385,410001,12,6402,Business,Graduate,Single,3,Yes,1
CUST1417,52,53062,643,487699,24,23047,Unemployed,Diploma,Married,2,No,0
CUST1418,47,95713,593,594700,60,27445,Business,Graduate,Single,2,No,0
CUST1419,40,80461,542,382844,12,17017,Self-employed,School,Married,2,Yes,1
CUST1420,44,95418,331,882215,12,22659,Self-employed,Diploma,Single,0,Yes,1
CUST1421,32,86672,690,532680,48,1507,Self-employed,Graduate,Single,3,No,0
CUST1422,55,54832,576,273423,24,2436,Salaried,Diploma,Married,1,No,0
CUST1423,53,51966,831,193330,36,28151,Salaried,Graduate,Married,2,Yes,0
CUST1424,53,92545,453,325391,60,12618,Salaried,Postgraduate,Single,2,No,0
CUST1425,57,32987,682,313606,24,9750,Unemployed,Graduate,Single,0,Yes,1
CUST1426,32,57311,367,507085,60,17122,Self-employed,Diploma,Single,1,No,0
CUST1427,23,51575,513,291387,12,8354,Self-employed,School,Single,3,No,0
CUST1428,21,83852,675,341133,48,12294,Unemployed,School,Married,4,No,0
CUST1429,53,21007,512,586904,48,21900,Salaried,School,Single,0,No,1
CUST1430,30,90981,378,514170,36,14840,Unemployed,Graduate,Married,3,No,0
CUST1431,49,96242,680,786915,48,21006,Salaried,Postgraduate,Married,4,Yes,1
CUST1432,33,67517,357,425497,12,5399,Self-employed,Graduate,Single,2,Yes,1
CUST1433,32,49257,325,575406,36,6037,Business,School,Married,2,No,0
CUST1434,51,62207,746,538242,24,29633,Salaried,Diploma,Single,1,No,0
CUST1435,22,33281,365,462916,48,25495,Self-employed,School,Married,4,No,1
CUST1436,55,81246,553,278048,36,16848,Self-employed,Diploma,Married,2,Yes,1
CUST1437,43,21435,343,453646,12,4715,Business,Postgraduate,Single,2,Yes,1
CUST1438,37,46660,396,476087,60,15877,Self-employed,Diploma,Married,1,Yes,1
CUST1439,46,25084,526,471994,60,8837,Self-employed,Graduate,Married,3,Yes,1
CUST1440,28,33507,735,669383,12,2301,Salaried,Graduate,Single,2,Yes,0
CUST1441,49,92595,678,245342,12,8370,Salaried,Graduate,Married,0,Yes,0
CUST1442,46,65539,477,786268,60,22569,Business,Diploma,Married,0,Yes,1
CUST1443,30,27491,726,901955,36,19539,Business,Graduate,Single,3,Yes,1
CUST1444,46,70192,606,162433,60,7411,Self-employed,Graduate,Single,4,No,0
CUST1445,54,83888,803,644279,12,7365,Salaried,Graduate,Married,1,Yes,0
CUST1446,27,93609,567,372919,48,16449,Business,Postgraduate,Married,0,Yes,1
CUST1447,24,29077,307,571017,24,1692,Business,Diploma,Married,0,Yes,1
CUST1448,31,40953,807,447139,48,29926,Unemployed,Diploma,Single,3,Yes,1
CUST1449,49,96919,775,247745,48,2478,Business,School,Married,4,No,0
CUST1450,56,87889,596,747096,12,7396,Self-employed,Diploma,Married,4,Yes,1
CUST1451,45,43821,463,782416,60,9448,Salaried,Postgraduate,Married,3,No,0
CUST1452,41,57567,784,237686,36,11622,Business,Diploma,Married,0,No,0
CUST1453,56,44860,371,107415,48,17825,Unemployed,Postgraduate,Married,1,No,1
CUST1454,30,41195,537,870326,60,11073,Salaried,Postgraduate,Married,0,Yes,1
CUST1455,57,97475,403,537100,36,3646,Business,Diploma,Single,4,Yes,1
CUST1456,29,41427,509,878493,48,6209,Unemployed,School,Single,0,Yes,1
CUST1457,44,47083,767,399188,36,29396,Business,Graduate,Married,1,No,0
CUST1458,55,77372,753,812509,60,7533,Salaried,Graduate,Married,2,No,0
CUST1459,55,64064,567,268616,24,22061,Salaried,Diploma,Single,0,No,0
CUST1460,56,27813,685,149976,60,8211,Salaried,Diploma,Single,3,No,0
CUST1461,38,51598,686,525468,12,10927,Self-employed,Postgraduate,Single,2,Yes,0
CUST1462,59,47082,558,365976,36,12927,Business,Diploma,Married,3,Yes,1
CUST1463,52,49241,582,321883,24,20029,Self-employed,Postgraduate,Married,3,Yes,1
CUST1464,44,64569,339,311509,36,25594,Salaried,School,Married,3,No,0
CUST1465,43,31745,785,596965,36,10316,Unemployed,Diploma,Married,0,No,0
CUST1466,52,46029,519,920580,48,13177,Business,Graduate,Single,4,Yes,1
CUST1467,57,33025,428,863529,12,11846,Self-employed,Graduate,Single,2,Yes,1
CUST1468,32,34288,819,618823,36,8933,Business,Diploma,Single,1,No,0
CUST1469,33,26540,559,319526,60,6476,Unemployed,Postgraduate,Single,4,Yes,1
CUST1470,43,88878,665,998662,60,14853,Self-employed,Graduate,Married,0,Yes,0
CUST1471,45,61846,843,447220,48,8928,Salaried,Postgraduate,Married,3,No,0
CUST1472,55,95932,823,924834,12,3080,Self-employed,Diploma,Single,1,No,0
CUST1473,50,37482,315,813087,12,7089,Business,Diploma,Single,2,No,1
CUST1474,37,43411,428,138578,60,24780,Business,Graduate,Single,4,Yes,1
CUST1475,40,70975,408,714741,24,27123,Business,Diploma,Single,4,No,1
CUST1476,45,80545,832,515534,48,8797,Business,School,Single,1,Yes,0
CUST1477,42,98797,568,962147,48,18245,Salaried,School,Married,0,Yes,1
CUST1478,33,72307,461,308859,60,9346,Self-employed,Graduate,Married,2,No,0
CUST1479,39,23093,559,211435,60,20878,Salaried,School,Single,1,Yes,1
CUST1480,56,97258,401,840389,24,1904,Salaried,Postgraduate,Single,3,No,0
CUST1481,32,42042,805,251538,24,18653,Salaried,Graduate,Single,2,No,0
CUST1482,39,72930,546,982174,12,17788,Business,Graduate,Married,4,Yes,1
CUST1483,32,64413,836,145475,48,26419,Business,Postgraduate,Married,1,Yes,0
CUST1484,29,53756,430,946574,48,10974,Business,School,Married,4,No,0
CUST1485,27,73268,652,840520,60,27140,Self-employed,School,Single,4,No,0
CUST1486,48,59214,495,257636,12,2184,Unemployed,School,Married,4,No,0
CUST1487,34,48602,681,253484,48,26322,Business,Graduate,Single,0,No,0
CUST1488,51,73331,526,193526,12,2725,Self-employed,Graduate,Married,4,No,0
CUST1489,39,68901,775,151001,12,12380,Business,School,Married,3,No,0
CUST1490,36,83416,776,944081,60,25846,Business,Diploma,Married,3,Yes,1
CUST1491,25,52196,564,292029,12,14057,Salaried,School,Single,2,Yes,1
CUST1492,55,25626,671,528733,24,23195,Salaried,Postgraduate,Single,4,Yes,1
CUST1493,32,27424,785,768516,24,6606,Salaried,Graduate,Married,4,Yes,1
CUST1494,45,32857,733,649999,36,4956,Self-employed,Postgraduate,Single,1,No,0
CUST1495,41,39982,510,654394,60,17555,Unemployed,Postgraduate,Single,0,Yes,1
CUST1496,56,96961,676,951890,36,25849,Unemployed,Graduate,Single,2,Yes,1
CUST1497,43,21980,694,582488,24,19690,Self-employed,Diploma,Single,4,No,0
CUST1498,36,68290,749,492573,36,26734,Business,School,Single,1,Yes,0
CUST1499,59,46431,663,317583,60,27282,Self-employed,Postgraduate,Single,0,No,0
CUST1500,59,46385,756,463898,60,17081,Business,Graduate,Single,2,No,0
CUST1501,34,58158,525,238286,12,27347,Self-employed,Postgraduate,Married,2,No,0
CUST1502,51,43019,430,327189,48,1421,Self-employed,School,Single,4,No,0
CUST1503,25,38639,775,226479,12,6540,Self-employed,Diploma,Single,2,No,0
CUST1504,55,41563,576,520343,60,26785,Unemployed,Diploma,Married,1,Yes,1
CUST1505,43,59341,455,236213,24,17288,Salaried,Diploma,Married,2,Yes,1
CUST1506,49,25776,517,653172,24,16966,Self-employed,Graduate,Married,3,Yes,1
CUST1507,31,56444,489,364852,12,16882,Unemployed,Graduate,Married,1,No,1
CUST1508,38,88916,716,904807,60,5675,Salaried,Diploma,Single,0,Yes,0
CUST1509,32,28711,845,639376,24,10082,Salaried,School,Married,0,Yes,0
CUST1510,29,94318,340,419759,60,14009,Self-employed,School,Married,4,Yes,1
CUST1511,30,50707,606,472282,24,28843,Business,Graduate,Single,4,Yes,0
CUST1512,37,59110,637,800406,60,7748,Business,Diploma,Single,3,No,0
CUST1513,58,81788,613,372158,36,7103,Business,School,Single,0,Yes,0
CUST1514,27,58827,374,819785,60,18857,Self-employed,School,Married,0,No,1
CUST1515,33,25655,578,496489,60,20627,Business,School,Single,0,No,1
CUST1516,29,64859,475,802495,12,19565,Unemployed,Graduate,Married,0,Yes,1
CUST1517,47,73625,572,464986,36,27025,Unemployed,Diploma,Single,2,No,1
CUST1518,22,72098,588,590238,48,20480,Unemployed,Postgraduate,Single,1,No,1
CUST1519,25,35251,571,178077,12,24030,Unemployed,Diploma,Married,1,No,1
CUST1520,49,20526,365,239784,48,28832,Salaried,Diploma,Single,3,No,1
CUST1521,57,88760,782,305776,24,12348,Unemployed,Graduate,Single,2,No,0
CUST1522,58,67837,547,415018,48,10782,Business,School,Single,0,No,0
CUST1523,39,31536,455,169087,60,6882,Self-employed,School,Single,0,No,0
CUST1524,28,48541,346,898729,48,29815,Business,Graduate,Single,4,Yes,1
CUST1525,21,99083,753,864629,12,23366,Unemployed,Graduate,Married,4,Yes,1
CUST1526,42,71027,500,913560,12,29557,Salaried,Graduate,Married,3,No,1
CUST1527,37,54531,423,692656,48,6798,Unemployed,Graduate,Single,0,No,0
CUST1528,27,28712,300,843859,12,10627,Self-employed,Graduate,Married,3,Yes,1
CUST1529,45,85455,490,441102,12,9415,Business,Postgraduate,Married,2,Yes,1
CUST1530,24,94744,815,395064,48,25795,Self-employed,Diploma,Married,1,Yes,0
CUST1531,56,25109,741,351514,36,13466,Self-employed,Diploma,Single,0,Yes,0
CUST1532,26,69268,442,242180,36,10846,Self-employed,Diploma,Single,2,No,0
CUST1533,51,74615,490,884192,24,13720,Business,School,Single,0,No,0
CUST1534,39,49759,832,535928,12,25840,Unemployed,Postgraduate,Married,4,Yes,1
CUST1535,59,80112,526,701891,48,10145,Self-employed,Diploma,Married,3,Yes,1
CUST1536,47,46589,612,133872,12,5524,Business,School,Single,4,Yes,0
CUST1537,30,50015,601,372872,60,29309,Salaried,Postgraduate,Single,1,Yes,0
CUST1538,46,49009,759,457246,12,7559,Business,Postgraduate,Married,4,No,0
CUST1539,39,82046,700,588535,12,8620,Salaried,School,Married,0,Yes,0
CUST1540,59,46143,692,484193,36,20158,Business,Postgraduate,Single,4,Yes,0
CUST1541,23,26154,506,907015,48,23057,Unemployed,School,Married,0,Yes,1
CUST1542,33,41804,509,185774,12,4124,Self-employed,Diploma,Married,1,No,0
CUST1543,48,61688,414,488518,36,9671,Unemployed,School,Married,4,No,0
CUST1544,40,84288,550,298522,24,12706,Business,Postgraduate,Married,3,No,0
CUST1545,48,71195,518,320357,36,18737,Self-employed,Diploma,Married,3,Yes,1
CUST1546,28,40581,706,512672,36,28898,Salaried,Diploma,Married,3,Yes,0
CUST1547,59,72648,742,977550,36,13070,Business,Graduate,Married,4,Yes,0
CUST1548,21,50087,653,165942,12,26465,Self-employed,Graduate,Single,4,No,0
CUST1549,23,69930,849,637977,12,21238,Salaried,Postgraduate,Single,4,No,0
CUST1550,33,52981,441,657564,24,9134,Salaried,School,Married,0,Yes,1
CUST1551,48,89298,800,609565,60,1924,Unemployed,School,Married,1,Yes,0
CUST1552,45,66167,846,622552,60,19554,Business,Postgraduate,Married,3,No,0
CUST1553,53,95304,841,726256,60,27478,Salaried,Diploma,Single,0,Yes,1
CUST1554,58,63408,806,513089,24,6506,Self-employed,Postgraduate,Single,3,Yes,0
CUST1555,26,59499,580,899482,60,14650,Salaried,Postgraduate,Married,0,Yes,1
CUST1556,52,72269,723,690504,60,3395,Salaried,Diploma,Single,4,No,0
CUST1557,41,58559,569,839804,36,25604,Unemployed,School,Married,3,Yes,1
CUST1558,36,94319,453,446184,12,16310,Unemployed,Postgraduate,Married,4,Yes,1
CUST1559,41,68787,382,645932,12,9226,Self-employed,School,Married,3,Yes,1
CUST1560,31,55488,725,162021,36,12781,Unemployed,Postgraduate,Married,2,Yes,0
CUST1561,57,94441,574,792485,36,6515,Salaried,Diploma,Married,0,No,0
CUST1562,56,94663,583,560115,36,20054,Salaried,Diploma,Married,2,No,0
CUST1563,55,42431,472,142291,12,4365,Unemployed,Graduate,Married,0,No,0
CUST1564,39,81681,626,528276,60,17972,Salaried,Diploma,Single,1,Yes,0
CUST1565,40,83483,362,494754,36,12410,Salaried,Graduate,Married,3,No,0
CUST1566,38,69153,372,403664,24,20522,Self-employed,Postgraduate,Single,1,Yes,1
CUST1567,34,26368,674,125675,36,10095,Unemployed,School,Married,1,No,0
CUST1568,35,47424,807,773647,48,24047,Salaried,Diploma,Married,0,Yes,1
CUST1569,51,65004,697,362318,36,21470,Unemployed,Diploma,Single,2,No,0
CUST1570,21,76985,419,192268,12,11361,Self-employed,Diploma,Single,4,No,0
CUST1571,23,70069,736,397142,36,9531,Unemployed,Postgraduate,Married,0,No,0
CUST1572,36,72326,764,808672,48,5270,Salaried,Graduate,Single,4,Yes,0
CUST1573,43,43398,585,729698,24,23403,Unemployed,Postgraduate,Married,1,Yes,1
CUST1574,31,70861,564,437369,60,10906,Salaried,School,Married,4,Yes,1
CUST1575,32,95897,619,931246,36,17940,Salaried,Postgraduate,Single,2,No,0
CUST1576,30,88577,675,447235,48,25406,Salaried,School,Single,0,Yes,0
CUST1577,52,85641,388,412863,48,12279,Self-employed,Diploma,Single,2,Yes,1
CUST1578,36,29078,502,229887,24,6452,Unemployed,School,Single,2,Yes,1
CUST1579,28,45003,633,396063,12,28842,Self-employed,School,Married,0,Yes,0
CUST1580,58,82768,521,435299,36,20951,Unemployed,Graduate,Single,2,Yes,1
CUST1581,32,71047,340,433713,48,27632,Self-employed,School,Single,3,Yes,1
CUST1582,44,91626,367,927760,24,21283,Business,School,Single,3,No,1
CUST1583,48,77660,813,301554,60,7477,Salaried,Postgraduate,Single,3,No,0
CUST1584,28,69786,426,911050,48,24884,Salaried,Diploma,Single,4,Yes,1
CUST1585,48,21925,554,658963,24,18400,Self-employed,Postgraduate,Married,2,No,1
CUST1586,56,46015,315,595010,12,7470,Business,Postgraduate,Married,0,No,0
CUST1587,46,53320,776,905351,12,3062,Salaried,Diploma,Single,0,Yes,0
CUST1588,28,84881,361,890605,48,10030,Unemployed,Diploma,Single,4,Yes,1
CUST1589,48,46289,731,471513,48,27213,Self-employed,School,Married,0,No,0
CUST1590,48,23389,567,912832,36,21705,Salaried,School,Single,3,Yes,1
CUST1591,57,45683,334,281517,24,20880,Salaried,Graduate,Married,2,No,0
CUST1592,56,33629,793,170305,48,2813,Self-employed,Postgraduate,Married,0,No,0
CUST1593,47,81550,768,792924,36,12671,Self-employed,Diploma,Single,0,No,0
CUST1594,37,44826,624,539030,36,23640,Unemployed,School,Married,1,Yes,1
CUST1595,29,46630,603,572963,48,15308,Unemployed,Diploma,Single,1,No,0
CUST1596,53,66163,575,713079,12,27027,Salaried,School,Single,1,Yes,1
CUST1597,40,86435,500,259034,24,3313,Salaried,Graduate,Married,2,Yes,1
CUST1598,33,31653,744,578108,24,10706,Self-employed,Graduate,Married,3,Yes,0
CUST1599,48,47961,623,694821,12,18615,Salaried,Diploma,Single,3,Yes,0
CUST1600,49,94137,334,287256,48,10837,Salaried,Graduate,Married,3,Yes,1
CUST1601,33,53662,781,576128,24,6831,Self-employed,Diploma,Single,2,No,0
CUST1602,55,76446,779,990023,48,20383,Salaried,School,Married,2,Yes,1
CUST1603,26,41288,364,765938,48,20824,Salaried,Postgraduate,Married,1,Yes,1
CUST1604,38,56877,307,755348,36,5056,Business,Graduate,Single,0,Yes,1
CUST1605,25,35313,600,773984,12,1305,Unemployed,School,Single,4,Yes,1
CUST1606,45,92715,642,925626,48,15347,Self-employed,Postgraduate,Single,4,Yes,1
CUST1607,22,30326,730,472047,60,29112,Business,Postgraduate,Married,0,No,0
CUST1608,30,21560,723,493605,12,27299,Unemployed,Postgraduate,Single,1,Yes,1
CUST1609,50,99148,631,461447,24,2689,Unemployed,School,Single,0,Yes,0
CUST1610,25,46745,737,342188,36,27093,Unemployed,School,Married,0,No,0
CUST1611,53,51890,473,476047,24,4917,Business,Diploma,Married,4,Yes,1
CUST1612,21,40022,826,953823,24,24464,Business,Postgraduate,Single,1,No,0
CUST1613,38,72579,325,337501,12,25995,Unemployed,Postgraduate,Single,2,No,1
CUST1614,52,90316,705,420146,24,3936,Salaried,Postgraduate,Single,4,No,0
CUST1615,31,48380,531,397675,48,4862,Salaried,Diploma,Single,2,No,0
CUST1616,41,22356,832,808175,24,15506,Business,Postgraduate,Married,1,Yes,1
CUST1617,46,90326,849,629274,36,29805,Business,School,Married,0,Yes,0
CUST1618,45,40049,804,918730,36,15318,Business,Postgraduate,Single,3,No,0
CUST1619,42,95717,478,363625,60,16300,Unemployed,Graduate,Single,3,No,1
CUST1620,47,36082,431,942840,36,27026,Salaried,School,Single,1,Yes,1
CUST1621,33,20661,754,300339,24,28672,Business,Diploma,Married,3,No,0
CUST1622,53,57412,647,746238,36,6649,Business,Postgraduate,Single,2,No,0
CUST1623,54,22920,839,225355,12,20645,Self-employed,Graduate,Single,3,No,0
CUST1624,55,80315,705,127798,36,26740,Unemployed,Diploma,Married,1,Yes,1
CUST1625,21,99561,375,715937,48,27445,Self-employed,Diploma,Married,1,No,1
CUST1626,41,28946,791,427031,12,19203,Salaried,School,Single,2,Yes,1
CUST1627,26,65500,493,119477,60,28281,Self-employed,Diploma,Single,3,Yes,1
CUST1628,48,36309,461,510482,48,16674,Self-employed,Diploma,Married,3,Yes,1
CUST1629,37,75230,646,317400,24,29091,Self-employed,Diploma,Single,0,No,0
CUST1630,25,50027,660,317060,24,18726,Unemployed,Diploma,Single,4,No,0
CUST1631,51,92541,386,489959,24,6560,Salaried,Postgraduate,Married,1,Yes,1
CUST1632,25,79321,561,611181,48,16451,Self-employed,Postgraduate,Married,0,Yes,1
CUST1633,58,20956,513,607831,48,19610,Unemployed,Postgraduate,Married,1,Yes,1
CUST1634,23,94131,561,505105,48,2079,Salaried,Postgraduate,Single,0,No,0
CUST1635,43,67908,582,386479,12,14983,Business,Graduate,Married,4,No,0
CUST1636,57,98339,766,448754,12,21590,Self-employed,Postgraduate,Married,0,Yes,0
CUST1637,57,45963,679,373586,24,23664,Salaried,Diploma,Single,1,Yes,0
CUST1638,30,59443,661,932721,36,16327,Self-employed,Postgraduate,Single,3,No,0
CUST1639,30,59063,748,940179,24,13755,Business,Postgraduate,Married,1,Yes,0
CUST1640,39,24703,740,923759,60,28355,Salaried,School,Married,2,No,1
CUST1641,37,85128,392,434971,12,28104,Unemployed,Diploma,Single,2,No,1
CUST1642,41,92099,723,730752,48,8235,Salaried,Postgraduate,Single,2,Yes,0
CUST1643,34,45849,441,231184,12,18197,Unemployed,Postgraduate,Married,2,Yes,1
CUST1644,29,51860,590,187051,48,22473,Salaried,Postgraduate,Married,4,No,0
CUST1645,21,51585,731,250653,60,3031,Unemployed,Graduate,Single,3,No,0
CUST1646,33,42015,348,345300,60,9514,Business,Postgraduate,Married,3,No,0
CUST1647,24,97539,601,684010,12,28545,Business,School,Single,1,No,0
CUST1648,21,63585,489,192036,48,10095,Business,Diploma,Married,0,No,0
CUST1649,52,46958,435,852922,60,27117,Salaried,Diploma,Single,1,Yes,1
CUST1650,54,46017,703,247595,24,15287,Business,Postgraduate,Single,1,No,0
CUST1651,48,96707,640,953392,24,6911,Self-employed,Postgraduate,Married,1,No,0
CUST1652,51,65350,617,872997,48,12695,Business,Postgraduate,Married,1,No,0
CUST1653,28,32201,662,381696,12,20037,Unemployed,Diploma,Single,3,Yes,1
CUST1654,59,49426,681,616612,60,28052,Unemployed,Diploma,Married,0,Yes,1
CUST1655,46,37778,532,241880,12,4340,Unemployed,Graduate,Married,1,No,1
CUST1656,54,65241,643,335419,24,8876,Salaried,School,Married,3,No,0
CUST1657,23,62229,848,254692,60,16896,Self-employed,Graduate,Single,1,Yes,0
CUST1658,32,68364,828,363031,12,13435,Business,School,Married,2,Yes,0
CUST1659,21,77056,482,393946,36,2141,Self-employed,Graduate,Married,1,Yes,1
CUST1660,25,47490,340,709312,48,26425,Self-employed,Diploma,Single,1,Yes,1
CUST1661,50,39975,696,588765,48,25942,Unemployed,Graduate,Married,4,No,1
CUST1662,50,46723,793,870097,36,20281,Unemployed,School,Married,2,Yes,1
CUST1663,37,43279,632,742927,24,10281,Unemployed,Postgraduate,Single,0,No,0
CUST1664,43,98301,426,706226,60,21425,Salaried,School,Single,1,No,1
CUST1665,35,31561,300,317813,48,3038,Self-employed,Postgraduate,Married,0,Yes,1
CUST1666,57,86061,467,876388,36,28436,Self-employed,Diploma,Married,2,Yes,1
CUST1667,41,69153,318,484890,36,5270,Salaried,School,Single,1,Yes,1
CUST1668,34,53142,631,912481,24,11046,Salaried,Graduate,Single,4,Yes,0
CUST1669,22,46916,755,439933,24,5683,Salaried,School,Married,3,No,0
CUST1670,31,84324,408,708814,12,17878,Self-employed,Postgraduate,Married,4,No,1
CUST1671,59,64965,567,501062,48,8116,Self-employed,Diploma,Married,4,No,0
CUST1672,58,24648,744,583779,12,28758,Unemployed,Graduate,Single,3,Yes,1
CUST1673,54,55133,539,597952,36,2784,Unemployed,School,Married,3,No,0
CUST1674,58,70677,600,670508,60,20894,Self-employed,Postgraduate,Single,3,Yes,0
CUST1675,54,90135,402,932595,60,4786,Unemployed,Graduate,Single,1,No,1
CUST1676,38,55046,549,496981,24,22650,Salaried,Diploma,Single,0,Yes,1
CUST1677,50,67064,752,479270,60,29706,Business,Graduate,Married,0,No,0
CUST1678,35,89350,819,967918,60,10190,Unemployed,Diploma,Married,3,No,0
CUST1679,47,65893,452,175277,60,6428,Self-employed,Graduate,Married,4,Yes,1
CUST1680,54,81272,473,619570,36,7681,Unemployed,School,Single,2,No,0
CUST1681,58,87649,642,583455,60,7893,Unemployed,Postgraduate,Married,3,No,0
CUST1682,53,84674,730,990677,60,13661,Unemployed,School,Single,4,Yes,1
CUST1683,44,33760,623,222332,60,15892,Business,School,Single,4,Yes,1
CUST1684,35,41927,719,334231,12,10643,Salaried,Diploma,Single,1,Yes,0
CUST1685,50,81367,784,647219,36,10943,Self-employed,Diploma,Single,1,Yes,0
CUST1686,37,32588,711,189116,24,11472,Business,Diploma,Single,0,Yes,0
CUST1687,25,72233,383,351671,12,13992,Self-employed,School,Single,0,No,0
CUST1688,49,64738,412,942065,48,22042,Self-employed,Graduate,Married,2,Yes,1
CUST1689,24,53397,631,573918,36,24466,Self-employed,Graduate,Single,2,No,0
CUST1690,30,96367,677,676201,36,12126,Business,School,Married,2,No,0
CUST1691,37,91260,340,874504,48,7869,Salaried,School,Single,2,Yes,1
CUST1692,30,96619,404,719064,48,29310,Self-employed,Postgraduate,Married,4,No,1
CUST1693,37,39816,501,125991,48,24991,Salaried,Diploma,Married,4,No,1
CUST1694,40,62240,749,614265,24,8669,Salaried,Diploma,Married,0,Yes,0
CUST1695,44,26276,565,810205,60,12538,Unemployed,School,Married,1,No,1
CUST1696,25,99530,509,728380,36,11065,Business,School,Single,1,Yes,1
CUST1697,54,43499,417,329577,60,23603,Business,Graduate,Single,3,Yes,1
CUST1698,26,91635,676,810672,60,21918,Unemployed,School,Single,4,Yes,1
CUST1699,22,55946,839,503777,48,29379,Unemployed,Graduate,Single,2,No,0
CUST1700,33,75204,383,861401,24,23363,Salaried,School,Married,2,No,1
CUST1701,31,71886,753,195556,12,11171,Self-employed,Postgraduate,Married,3,No,0
CUST1702,43,91652,813,949307,24,26274,Business,Postgraduate,Married,1,No,0
CUST1703,36,35563,686,256989,60,18696,Self-employed,Graduate,Single,2,Yes,1
CUST1704,51,29847,649,424264,24,3962,Self-employed,Diploma,Married,1,No,0
CUST1705,31,46155,595,495204,48,14851,Unemployed,Postgraduate,Single,3,Yes,1
CUST1706,36,99671,557,606961,12,20322,Self-employed,Graduate,Married,1,No,0
CUST1707,28,87278,380,996473,48,13979,Salaried,School,Married,1,No,0
CUST1708,24,38309,567,752755,12,27876,Unemployed,School,Married,1,No,1
CUST1709,24,20619,718,620616,60,20581,Self-employed,Graduate,Married,2,No,0
CUST1710,45,70108,534,507472,12,6296,Unemployed,Diploma,Married,0,No,0
CUST1711,23,54707,610,480634,12,24588,Salaried,Graduate,Single,4,Yes,0
CUST1712,52,40337,656,843088,12,15745,Salaried,Graduate,Married,1,No,0
CUST1713,23,86504,512,750443,24,6730,Self-employed,Postgraduate,Single,1,No,0
CUST1714,47,67614,348,390374,24,14921,Unemployed,Graduate,Single,1,No,0
CUST1715,49,20281,426,598682,60,1126,Self-employed,Graduate,Single,0,No,0
CUST1716,52,47420,522,159778,12,6602,Self-employed,School,Single,3,Yes,1
CUST1717,39,59030,578,145833,36,18575,Unemployed,Postgraduate,Single,2,No,1
CUST1718,41,21058,707,909057,60,20023,Self-employed,School,Single,0,Yes,1
CUST1719,25,96260,804,656376,12,13581,Salaried,School,Single,1,No,0
CUST1720,38,48404,593,835010,12,29492,Unemployed,Diploma,Single,0,Yes,1
CUST1721,48,49856,576,466081,24,16997,Unemployed,Diploma,Married,0,Yes,1
CUST1722,42,29200,737,564507,60,18750,Unemployed,Postgraduate,Married,0,Yes,1
CUST1723,41,84178,406,296375,12,10211,Unemployed,Postgraduate,Single,3,Yes,1
CUST1724,26,53997,719,176361,12,23837,Self-employed,Diploma,Single,4,Yes,0
CUST1725,21,45611,728,450373,60,15997,Self-employed,Diploma,Single,2,No,0
CUST1726,25,61235,674,235189,36,7671,Salaried,Diploma,Married,3,Yes,0
CUST1727,32,55057,372,714553,60,24067,Business,Diploma,Married,3,No,1
CUST1728,46,21239,329,622154,60,13271,Business,Diploma,Single,4,Yes,1
CUST1729,54,85661,487,722006,36,21923,Salaried,School,Single,3,Yes,1
CUST1730,34,65272,663,422854,60,9876,Business,Postgraduate,Married,0,No,0
CUST1731,46,81212,750,719164,12,29205,Salaried,School,Married,0,Yes,1
CUST1732,47,35398,494,130949,60,3887,Self-employed,School,Single,1,Yes,1
CUST1733,29,76503,455,837242,36,10654,Unemployed,Graduate,Single,3,Yes,1
CUST1734,46,26638,471,954568,48,5086,Unemployed,School,Single,1,Yes,1
CUST1735,42,26570,340,211541,60,19645,Self-employed,Diploma,Single,2,No,1
CUST1736,50,88785,362,819979,24,5180,Unemployed,Diploma,Married,0,Yes,1
CUST1737,37,29110,322,161842,12,3841,Unemployed,Graduate,Married,2,Yes,1
CUST1738,46,99141,659,588019,12,27343,Business,Graduate,Single,4,No,0
CUST1739,56,32115,374,332930,24,29756,Self-employed,Graduate,Single,0,No,1
CUST1740,21,59062,417,389134,24,7040,Business,Graduate,Single,2,Yes,1
CUST1741,28,42911,679,771553,60,20944,Business,Graduate,Married,4,Yes,1
CUST1742,55,52556,589,392253,24,11304,Unemployed,School,Single,2,No,0
CUST1743,35,98131,739,230356,48,5758,Unemployed,Graduate,Single,4,Yes,0
CUST1744,42,21969,306,868917,36,18010,Self-employed,School,Single,4,No,1
CUST1745,34,63753,495,837090,24,29735,Unemployed,Postgraduate,Married,0,Yes,1
CUST1746,46,24470,720,789870,24,28990,Unemployed,Graduate,Single,1,No,1
CUST1747,48,30225,492,887738,48,17234,Self-employed,Graduate,Married,4,No,1
CUST1748,43,43196,447,103849,12,6014,Unemployed,School,Single,4,No,0
CUST1749,34,33669,501,112360,12,2375,Business,Postgraduate,Single,0,Yes,1
CUST1750,44,57380,743,473216,60,2181,Self-employed,School,Single,1,Yes,0
CUST1751,22,68320,718,877567,48,23092,Unemployed,School,Married,3,Yes,1
CUST1752,46,67414,726,719055,36,1490,Salaried,Graduate,Single,3,Yes,0
CUST1753,34,35577,778,361445,36,4729,Self-employed,Diploma,Single,1,No,0
CUST1754,27,75409,774,801160,48,6974,Self-employed,Diploma,Married,2,No,0
CUST1755,23,48625,425,621658,36,20918,Salaried,School,Married,0,No,0
CUST1756,43,44089,694,530179,12,20680,Unemployed,Graduate,Married,1,Yes,1
CUST1757,38,56487,624,154330,36,19324,Unemployed,Postgraduate,Single,3,Yes,1
CUST1758,58,85838,691,151707,36,29984,Self-employed,Diploma,Married,4,Yes,0
CUST1759,55,70138,739,380833,48,22398,Self-employed,Postgraduate,Single,3,No,0
CUST1760,35,62823,503,653372,48,2882,Unemployed,Diploma,Married,4,Yes,1
CUST1761,45,57208,785,140387,36,22292,Unemployed,Graduate,Married,0,Yes,1
CUST1762,57,74061,330,961248,24,3987,Business,School,Married,4,No,0
CUST1763,48,50659,687,626930,48,6585,Self-employed,Postgraduate,Single,1,No,0
CUST1764,30,51890,733,928569,60,4159,Self-employed,Postgraduate,Single,4,Yes,0
CUST1765,59,99134,675,573048,60,5530,Salaried,School,Single,2,No,0
CUST1766,37,67055,643,286633,12,18065,Business,Postgraduate,Single,1,Yes,0
CUST1767,59,39508,742,948692,36,22638,Unemployed,Diploma,Single,0,No,1
CUST1768,42,62287,374,770798,24,2073,Business,School,Single,1,No,0
CUST1769,46,98916,454,934874,12,14743,Unemployed,Diploma,Single,2,No,1
CUST1770,45,46984,729,989493,36,19771,Unemployed,Diploma,Single,0,Yes,1
CUST1771,37,28125,662,496210,48,27970,Business,Graduate,Single,3,Yes,1
CUST1772,33,56059,747,878799,60,3693,Self-employed,Diploma,Married,2,Yes,0
CUST1773,40,89569,533,487988,24,10562,Unemployed,Graduate,Married,0,No,0
CUST1774,45,37087,561,461719,60,5340,Business,Postgraduate,Single,4,No,0
CUST1775,24,25704,424,888245,48,3156,Salaried,Postgraduate,Single,1,No,1
CUST1776,30,80576,544,979459,36,17184,Business,Graduate,Single,0,No,1
CUST1777,23,93384,841,184381,48,8966,Salaried,Diploma,Single,1,Yes,0
CUST1778,38,92460,784,874168,48,3580,Unemployed,School,Married,4,Yes,1
CUST1779,56,47208,421,941708,60,8257,Business,School,Married,0,Yes,1
CUST1780,42,86024,424,927675,24,29967,Business,Graduate,Single,3,No,1
CUST1781,54,59882,848,293984,48,3159,Salaried,Postgraduate,Married,2,No,0
CUST1782,28,45923,469,160272,60,17172,Business,Postgraduate,Married,0,Yes,1
CUST1783,39,49165,423,595916,24,14900,Business,School,Single,4,No,0
CUST1784,57,87203,334,797411,36,12440,Unemployed,Graduate,Single,0,Yes,1
CUST1785,26,24114,386,838096,36,15678,Business,School,Single,1,No,1
CUST1786,46,84965,500,353091,12,29307,Self-employed,Diploma,Single,0,No,0
CUST1787,54,56321,668,952050,60,15436,Salaried,Diploma,Married,3,Yes,1
CUST1788,26,93297,376,364064,24,13021,Business,Graduate,Single,0,Yes,1
CUST1789,57,45426,358,206121,48,7772,Salaried,Graduate,Married,2,No,0
CUST1790,53,37772,730,570435,36,2627,Salaried,Diploma,Single,0,Yes,0
CUST1791,42,23712,799,701160,24,12664,Salaried,Postgraduate,Married,1,Yes,1
CUST1792,41,21367,408,967564,60,9219,Business,Graduate,Single,0,No,1
CUST1793,26,71924,577,364237,12,24464,Business,Diploma,Single,3,No,0
CUST1794,26,23726,367,375049,36,19369,Salaried,Diploma,Married,4,No,1
CUST1795,24,47723,368,746047,24,29729,Self-employed,Postgraduate,Married,0,Yes,1
CUST1796,50,29108,464,517567,24,10713,Salaried,Postgraduate,Married,0,No,0
CUST1797,31,97714,788,393125,24,9488,Self-employed,Postgraduate,Single,2,No,0
CUST1798,50,55643,604,960335,60,3181,Salaried,Postgraduate,Married,3,No,0
CUST1799,51,51324,664,957253,60,12594,Unemployed,School,Married,4,No,0
CUST1800,44,28927,678,471344,60,19680,Salaried,Postgraduate,Married,1,No,0
CUST1801,29,42443,642,182289,48,8164,Salaried,School,Married,0,Yes,0
CUST1802,23,99973,653,740794,24,19981,Business,Graduate,Married,4,No,0
CUST1803,51,83449,715,702801,36,1901,Self-employed,Diploma,Married,1,No,0
CUST1804,57,96743,408,513090,60,23444,Unemployed,School,Married,3,Yes,1
CUST1805,56,80233,796,806291,60,10290,Self-employed,Graduate,Married,3,No,0
CUST1806,44,45537,640,500890,24,19061,Unemployed,Graduate,Married,4,No,0
CUST1807,51,97576,682,412660,60,3881,Salaried,School,Single,1,Yes,0
CUST1808,26,42612,832,359480,48,14058,Business,Graduate,Single,3,No,0
CUST1809,22,26471,599,886331,48,6622,Business,Graduate,Married,4,Yes,1
CUST1810,40,55631,438,816046,60,25436,Self-employed,School,Single,3,No,1
CUST1811,48,51348,658,588067,24,2378,Business,Graduate,Single,3,Yes,0
CUST1812,31,84732,798,431356,24,18632,Self-employed,Postgraduate,Married,3,Yes,0
CUST1813,24,21177,684,233498,24,29311,Self-employed,Postgraduate,Married,2,No,0
CUST1814,35,24760,579,354024,12,6650,Unemployed,Diploma,Married,1,Yes,1
CUST1815,26,52779,782,755258,60,13433,Self-employed,Graduate,Married,4,Yes,0
CUST1816,50,41636,410,190009,24,23463,Unemployed,Diploma,Married,4,No,1
CUST1817,58,73551,438,823858,48,10456,Business,Postgraduate,Married,1,No,0
CUST1818,22,31556,734,523159,36,27483,Self-employed,Postgraduate,Single,1,Yes,1
CUST1819,35,47598,808,821755,36,8036,Self-employed,Postgraduate,Married,1,No,0
CUST1820,31,31563,572,144816,24,7487,Salaried,Graduate,Single,1,Yes,1
CUST1821,28,66819,398,104138,36,18442,Self-employed,Graduate,Married,0,Yes,1
CUST1822,46,93770,403,191176,36,28325,Self-employed,Postgraduate,Married,4,No,0
CUST1823,25,46966,513,438089,12,19432,Salaried,Diploma,Single,0,No,0
CUST1824,26,79889,464,890449,48,23499,Salaried,Diploma,Married,3,Yes,1
CUST1825,46,46987,819,896883,48,5248,Business,School,Married,3,No,0
CUST1826,24,98714,583,818316,12,19860,Self-employed,Postgraduate,Single,4,No,1
CUST1827,39,78348,816,456007,12,29592,Business,Diploma,Married,3,Yes,0
CUST1828,40,44596,463,896710,36,5603,Business,Postgraduate,Single,1,Yes,1
CUST1829,53,53174,363,321552,60,28773,Salaried,Diploma,Married,0,Yes,1
CUST1830,40,84106,390,143764,36,20937,Unemployed,School,Married,1,Yes,1
CUST1831,32,89967,416,223030,12,13632,Business,School,Single,3,Yes,1
CUST1832,21,79182,566,949375,48,27337,Unemployed,Postgraduate,Married,0,Yes,1
CUST1833,46,59310,439,719955,36,1220,Self-employed,Diploma,Single,1,No,0
CUST1834,34,76088,545,416462,60,15226,Salaried,Graduate,Single,4,Yes,1
CUST1835,58,28906,694,989855,36,5818,Self-employed,School,Single,1,No,0
CUST1836,57,56914,786,466142,24,24576,Self-employed,Postgraduate,Married,3,No,0
CUST1837,31,65379,775,160128,36,22007,Salaried,Postgraduate,Married,0,Yes,0
CUST1838,56,98612,816,319128,12,8349,Self-employed,Diploma,Single,4,No,0
CUST1839,33,57650,483,908301,48,6618,Salaried,Postgraduate,Married,0,Yes,1
CUST1840,23,66881,319,333540,48,28464,Unemployed,School,Married,4,No,1
CUST1841,53,66413,823,105039,12,10856,Self-employed,Postgraduate,Married,0,Yes,0
CUST1842,26,26012,828,252353,24,24593,Salaried,Postgraduate,Single,3,Yes,1
CUST1843,30,70115,446,212935,12,29562,Business,Graduate,Married,4,Yes,1
CUST1844,25,27151,603,634730,36,5576,Self-employed,Graduate,Single,2,Yes,0
CUST1845,43,77716,527,960220,12,28553,Unemployed,School,Married,0,No,1
CUST1846,30,56378,401,389730,12,19255,Salaried,Diploma,Married,0,No,0
CUST1847,22,62652,716,153053,24,25299,Self-employed,Graduate,Single,1,No,0
CUST1848,33,92430,515,281561,36,16207,Self-employed,Diploma,Married,4,No,0
CUST1849,22,33467,706,838464,60,2462,Self-employed,School,Single,2,No,0
CUST1850,40,51010,698,186346,60,22905,Unemployed,Graduate,Married,3,Yes,1
CUST1851,21,74691,798,429231,48,16905,Salaried,Diploma,Single,1,Yes,0
CUST1852,57,84157,764,505841,12,25920,Business,Graduate,Married,2,Yes,0
CUST1853,29,32289,381,658685,48,17252,Business,School,Married,4,Yes,1
CUST1854,37,64976,664,420815,24,9236,Business,School,Married,2,Yes,0
CUST1855,29,63596,462,216214,60,8813,Salaried,Graduate,Single,0,No,0
CUST1856,31,43171,347,585001,12,3068,Business,Diploma,Single,0,Yes,1
CUST1857,35,64139,810,953329,24,6753,Unemployed,Postgraduate,Single,1,Yes,1
CUST1858,44,68713,628,781509,24,8237,Salaried,Postgraduate,Married,4,No,0
CUST1859,58,49734,415,498499,12,15175,Self-employed,Graduate,Single,4,No,0
CUST1860,55,92588,636,500826,24,24400,Unemployed,Diploma,Single,2,Yes,1
CUST1861,50,83646,446,536542,12,7191,Self-employed,Postgraduate,Single,1,Yes,1
CUST1862,51,23654,622,377068,12,18898,Business,School,Single,4,No,0
CUST1863,25,38743,742,737431,36,19982,Unemployed,Diploma,Single,0,Yes,1
CUST1864,34,68368,312,472397,48,15622,Salaried,Postgraduate,Single,2,Yes,1
CUST1865,31,94172,793,462441,24,2001,Unemployed,Diploma,Single,3,Yes,0
CUST1866,29,26441,586,887301,24,18417,Self-employed,Graduate,Single,0,No,1
CUST1867,54,44611,413,983520,36,15877,Salaried,Diploma,Single,1,Yes,1
CUST1868,32,32149,779,887446,36,11232,Unemployed,Postgraduate,Single,4,Yes,1
CUST1869,55,79189,321,634391,36,24283,Unemployed,Graduate,Married,0,No,1
CUST1870,55,41675,648,575738,60,25849,Unemployed,Diploma,Married,3,No,0
CUST1871,21,91031,619,996749,60,22435,Unemployed,School,Single,3,No,1
CUST1872,42,62668,425,526674,60,28223,Salaried,Postgraduate,Married,1,Yes,1
CUST1873,49,33673,576,182409,12,27355,Self-employed,Graduate,Married,0,No,1
CUST1874,28,96666,503,123248,24,5476,Unemployed,Diploma,Single,2,Yes,1
CUST1875,31,85429,493,582376,48,17862,Salaried,School,Single,0,No,0
CUST1876,57,43669,846,798876,12,1515,Self-employed,Postgraduate,Single,3,Yes,0
CUST1877,34,54068,585,779530,24,13478,Unemployed,School,Married,1,No,1
CUST1878,50,29435,356,108024,24,2191,Self-employed,Diploma,Single,1,Yes,1
CUST1879,55,72249,602,575430,36,11860,Self-employed,Diploma,Married,2,Yes,0
CUST1880,41,57384,462,334864,36,14448,Salaried,Graduate,Single,1,No,0
CUST1881,57,96153,318,972379,12,7297,Self-employed,School,Married,1,No,0
CUST1882,25,95388,669,274875,36,26987,Salaried,Graduate,Married,1,Yes,0
CUST1883,39,51401,563,453973,24,28856,Unemployed,Postgraduate,Single,1,No,1
CUST1884,34,91831,412,979140,36,17655,Self-employed,Graduate,Single,1,Yes,1
CUST1885,46,54084,787,973096,60,9334,Self-employed,Postgraduate,Married,3,No,0
CUST1886,24,75826,626,511473,36,25162,Business,Diploma,Married,0,No,0
CUST1887,45,56451,841,243927,24,7008,Unemployed,Diploma,Single,4,Yes,0
CUST1888,45,27227,364,185178,12,8987,Unemployed,School,Single,1,No,1
CUST1889,38,51910,591,987553,48,4332,Business,Postgraduate,Married,4,No,0
CUST1890,28,56041,324,616540,36,1787,Business,Diploma,Single,4,Yes,1
CUST1891,59,85681,848,906457,24,7222,Salaried,School,Married,3,Yes,0
CUST1892,34,85481,300,497674,48,10873,Salaried,School,Single,1,No,0
CUST1893,52,88576,848,163610,48,18006,Self-employed,Graduate,Single,4,Yes,0
CUST1894,58,84174,440,695131,60,21225,Self-employed,School,Single,1,No,0
CUST1895,53,46160,487,731525,48,4676,Self-employed,Diploma,Married,2,No,0
CUST1896,43,37633,427,577177,24,3572,Self-employed,Graduate,Single,2,Yes,1
CUST1897,35,37014,500,805191,24,7915,Salaried,Postgraduate,Married,2,Yes,1
CUST1898,53,69104,426,798787,36,6033,Unemployed,Postgraduate,Single,4,Yes,1
CUST1899,45,61621,556,587025,36,8788,Self-employed,Diploma,Married,2,Yes,1
CUST1900,37,97231,846,754587,36,16689,Unemployed,Diploma,Married,3,Yes,1
CUST1901,53,88388,493,531722,48,12452,Self-employed,Graduate,Single,3,Yes,1
CUST1902,22,36014,403,105668,48,22598,Business,Graduate,Married,4,No,1
CUST1903,34,53755,834,322542,60,5712,Self-employed,Diploma,Married,1,No,0
CUST1904,59,60390,564,278267,36,1066,Self-employed,Diploma,Married,0,Yes,1
CUST1905,26,43711,683,959665,12,16855,Self-employed,Postgraduate,Married,1,No,0
CUST1906,26,77993,559,255489,60,13478,Salaried,Postgraduate,Single,1,No,0
CUST1907,23,94696,713,444126,12,8533,Business,Postgraduate,Single,1,No,0
CUST1908,27,47213,657,730421,48,16103,Self-employed,Diploma,Single,1,No,0
CUST1909,28,77784,374,897183,60,5616,Self-employed,School,Married,0,Yes,1
CUST1910,35,27421,654,408362,60,14277,Unemployed,Diploma,Married,2,No,0
CUST1911,49,37727,487,893784,24,18524,Business,Diploma,Single,1,No,1
CUST1912,53,24358,589,834412,48,27890,Self-employed,Postgraduate,Single,3,Yes,1
CUST1913,50,85108,344,188835,48,6730,Unemployed,Diploma,Married,4,Yes,1
CUST1914,59,52117,382,721781,60,11724,Unemployed,Graduate,Single,4,Yes,1
CUST1915,47,51910,422,915359,48,12772,Salaried,Diploma,Single,3,Yes,1
CUST1916,56,75754,657,796454,60,24849,Unemployed,Diploma,Married,1,No,1
CUST1917,49,82438,827,201948,24,17268,Self-employed,Diploma,Single,0,Yes,0
CUST1918,58,49371,365,285194,60,26763,Salaried,Diploma,Married,2,No,0
CUST1919,53,71501,674,653781,48,21855,Salaried,School,Single,4,No,0
CUST1920,57,80946,461,566755,48,13940,Self-employed,Diploma,Married,2,Yes,1
CUST1921,47,58467,679,393851,60,20723,Business,Graduate,Married,0,Yes,0
CUST1922,53,37625,657,824174,60,17932,Unemployed,Graduate,Married,4,Yes,1
CUST1923,24,53893,487,238368,60,25059,Salaried,Diploma,Married,2,Yes,1
CUST1924,42,96329,621,256470,36,29663,Business,Postgraduate,Married,0,Yes,0
CUST1925,22,51007,749,397986,48,25648,Self-employed,School,Single,2,Yes,0
CUST1926,30,59532,773,113261,48,15643,Unemployed,Diploma,Single,1,No,0
CUST1927,25,74253,312,176709,36,1198,Unemployed,Diploma,Single,0,No,0
CUST1928,30,32323,483,720273,60,28777,Salaried,Diploma,Married,2,No,1
CUST1929,53,93379,410,468760,24,27357,Unemployed,Postgraduate,Single,1,No,1
CUST1930,58,34210,807,953605,60,17955,Unemployed,Postgraduate,Married,1,Yes,1
CUST1931,33,36456,589,393925,60,18174,Unemployed,Postgraduate,Married,0,Yes,1
CUST1932,51,51367,594,375796,36,10830,Unemployed,School,Single,3,No,0
CUST1933,56,74624,750,367247,48,27407,Self-employed,Graduate,Married,4,No,0
CUST1934,44,30106,514,387644,60,27431,Business,School,Single,0,No,1
CUST1935,35,88008,326,870692,48,14798,Self-employed,Postgraduate,Married,1,Yes,1
CUST1936,49,92240,530,724624,12,18558,Self-employed,Graduate,Married,1,Yes,1
CUST1937,28,84315,620,528745,48,29316,Salaried,Graduate,Single,0,Yes,0
CUST1938,25,89249,532,737787,24,12469,Unemployed,Postgraduate,Married,3,No,1
CUST1939,49,90587,736,773812,24,1178,Self-employed,Postgraduate,Single,4,No,0
CUST1940,24,30756,832,935825,60,19628,Unemployed,School,Married,2,Yes,1
CUST1941,32,88011,702,524390,48,21470,Self-employed,Postgraduate,Single,0,Yes,0
CUST1942,22,56378,352,557666,60,18118,Self-employed,Graduate,Married,4,No,0
CUST1943,47,24255,612,790796,36,23616,Salaried,Diploma,Single,4,No,1
CUST1944,51,34484,580,409550,24,1798,Business,Postgraduate,Single,1,Yes,1
CUST1945,56,76549,330,425203,60,8601,Business,Postgraduate,Married,2,No,0
CUST1946,56,54503,636,771314,36,26363,Self-employed,School,Single,0,Yes,1
CUST1947,46,93794,482,444866,60,3795,Salaried,School,Married,1,Yes,1
CUST1948,47,65113,322,875107,48,13496,Unemployed,Postgraduate,Married,1,No,1
CUST1949,25,94069,843,636644,48,5588,Unemployed,Graduate,Single,3,No,0
CUST1950,40,25249,745,752416,48,8297,Self-employed,Graduate,Single,4,No,0
CUST1951,31,39201,373,102187,48,4084,Business,Diploma,Single,0,Yes,1
CUST1952,30,78576,309,963675,12,12110,Salaried,Postgraduate,Single,0,No,0
CUST1953,58,29686,783,921530,36,1731,Business,School,Single,0,No,0
CUST1954,26,73363,755,585687,36,2129,Unemployed,Graduate,Married,1,Yes,0
CUST1955,28,20661,459,776585,48,29022,Business,Diploma,Single,3,Yes,1
CUST1956,43,64843,313,758966,12,2605,Unemployed,Postgraduate,Married,2,No,1
CUST1957,46,80963,477,944052,48,12970,Salaried,Graduate,Single,1,Yes,1
CUST1958,32,62828,711,526044,12,11937,Salaried,Postgraduate,Single,2,Yes,0
CUST1959,46,68604,352,226270,48,12362,Self-employed,Postgraduate,Single,3,Yes,1
CUST1960,33,30526,707,900819,24,3933,Self-employed,Graduate,Married,4,No,0
CUST1961,38,88910,321,431607,24,16187,Business,Graduate,Single,0,No,0
CUST1962,45,45592,329,867286,60,26791,Salaried,Graduate,Married,2,Yes,1
CUST1963,53,48982,559,865791,48,25900,Salaried,Postgraduate,Married,1,Yes,1
CUST1964,32,20207,504,453827,36,6074,Self-employed,Postgraduate,Married,2,Yes,1
CUST1965,56,88619,358,686349,60,15037,Unemployed,Diploma,Single,4,No,1
CUST1966,24,49328,770,859785,24,27426,Business,School,Married,0,Yes,1
CUST1967,25,66479,765,181257,48,8099,Business,Postgraduate,Single,2,Yes,0
CUST1968,57,40103,311,161753,60,18874,Self-employed,School,Married,4,No,0
CUST1969,28,59891,589,971206,48,1893,Salaried,Graduate,Single,1,Yes,1
CUST1970,48,30754,653,504303,24,2390,Self-employed,Postgraduate,Married,3,No,0
CUST1971,51,92982,374,524032,60,20773,Self-employed,Diploma,Single,1,No,0
CUST1972,29,75922,740,123408,24,5239,Self-employed,Diploma,Single,0,No,0
CUST1973,49,68231,540,224116,12,21863,Self-employed,School,Single,1,Yes,1
CUST1974,34,49301,453,755496,24,19647,Unemployed,Graduate,Married,1,Yes,1
CUST1975,42,82711,395,117413,48,4432,Unemployed,School,Married,1,No,0
CUST1976,31,61323,593,737938,36,3371,Salaried,Graduate,Single,1,Yes,1
CUST1977,43,38752,508,159500,24,28662,Self-employed,Diploma,Married,0,No,1
CUST1978,21,33395,642,970946,36,21696,Unemployed,School,Married,4,Yes,1
CUST1979,57,76273,387,156358,12,2515,Salaried,Diploma,Married,2,No,0
CUST1980,41,24895,689,166197,60,16906,Self-employed,Diploma,Married,3,No,0
CUST1981,46,96559,624,593992,60,7326,Business,Graduate,Married,2,Yes,0
CUST1982,56,30699,456,848149,36,15605,Unemployed,School,Married,2,Yes,1
CUST1983,43,85061,436,323492,60,24472,Salaried,School,Married,3,Yes,1
CUST1984,21,29715,727,885833,24,6586,Business,Diploma,Single,0,Yes,1
CUST1985,35,39169,751,526070,36,3917,Self-employed,Diploma,Single,3,No,0
CUST1986,41,36163,440,176240,48,23115,Self-employed,Graduate,Married,0,No,1
CUST1987,29,25782,382,335595,24,25070,Self-employed,Postgraduate,Single,2,Yes,1
CUST1988,29,55585,476,622710,24,16901,Unemployed,Postgraduate,Single,0,Yes,1
CUST1989,30,50682,497,845423,24,27928,Salaried,Diploma,Single,4,No,1
CUST1990,46,67864,720,378466,48,18551,Business,Postgraduate,Married,3,Yes,0
CUST1991,55,75114,700,999485,12,25686,Salaried,Postgraduate,Married,4,Yes,1
CUST1992,45,58067,770,106968,60,22493,Unemployed,Postgraduate,Married,2,Yes,1
CUST1993,46,62685,517,389662,36,21711,Salaried,Postgraduate,Married,3,Yes,1
CUST1994,31,38073,474,938357,12,23194,Unemployed,Diploma,Married,2,No,1
CUST1995,58,56035,322,290920,36,21039,Self-employed,Postgraduate,Single,4,No,0
CUST1996,22,84977,534,998332,60,4793,Business,Postgraduate,Married,2,Yes,1
CUST1997,27,85450,312,979854,48,10947,Self-employed,Graduate,Single,3,No,0
CUST1998,38,30382,400,363844,24,16859,Salaried,Diploma,Married,3,Yes,1
CUST1999,47,24437,835,980214,24,24122,Self-employed,School,Single,2,Yes,1
